policy,source_shard,base_seed,episode,gamma,seed,status,mode,theta_deg,sector_16,sector_8,steps,min_clearance_m,time_to_goal_s,window_validity
expanded_reserve_G,initial_480,91000,0,0.1,91000,TIMEOUT,below,-93.27044638628547,3,1,250,0.07463373194054446,,1.0
expanded_reserve_G,initial_480,91000,1,0.1,91037,TIMEOUT,left,27.83064493431097,9,4,250,0.2959514402173463,,1.0
expanded_reserve_G,initial_480,91000,2,0.1,91074,SUCCESS,above,122.46572789637592,13,6,145,0.19603815300115535,14.5,1.0
expanded_reserve_G,initial_480,91000,3,0.1,91111,SUCCESS,left,0.9641005608559382,8,4,133,0.18527830160875924,13.3,1.0
expanded_reserve_G,initial_480,91000,4,0.1,91148,SUCCESS,right,-143.12681193324428,1,0,114,0.17910657503926286,11.4,1.0
expanded_reserve_G,initial_480,91000,5,0.1,91185,SUCCESS,left,22.150757836013643,8,4,112,0.1508418293006153,11.200000000000001,1.0
expanded_reserve_G,initial_480,91000,6,0.1,91222,SUCCESS,right,-176.15516692574684,0,0,119,0.0019619483962728945,11.9,0.8991596638655462
expanded_reserve_G,initial_480,91000,7,0.1,91259,SUCCESS,above,103.35242776117134,12,6,138,0.1981958108666746,13.8,1.0
expanded_reserve_G,initial_480,91000,8,0.1,91296,SUCCESS,left,27.258606298442178,9,4,115,0.0009526733905064755,11.5,0.7652173913043478
expanded_reserve_G,initial_480,91000,9,0.1,91333,SUCCESS,above,78.47725318049325,11,5,101,0.11049885741179066,10.100000000000001,1.0
expanded_reserve_G,initial_480,91000,10,0.1,91370,SUCCESS,right,160.54911531165428,15,7,152,0.14832879517019193,15.200000000000001,1.0
expanded_reserve_G,initial_480,91000,11,0.1,91407,SUCCESS,left,-11.06184186452148,7,3,110,0.20638074772153103,11.0,1.0
expanded_reserve_G,initial_480,91000,12,0.1,91444,COLLISION,none,,,,59,-0.005891768742690762,,0.7627118644067796
expanded_reserve_G,initial_480,91000,13,0.1,91481,SUCCESS,right,-165.29093171302273,0,0,169,0.25024449797105375,16.900000000000002,1.0
expanded_reserve_G,initial_480,91000,14,0.1,91518,SUCCESS,above,126.80211856472133,13,6,95,0.1652248576905775,9.5,1.0
expanded_reserve_G,initial_480,91000,15,0.1,91555,SUCCESS,above,129.6358005145838,13,6,103,0.21006276908093802,10.3,1.0
expanded_reserve_G,initial_480,91000,16,0.1,91592,SUCCESS,right,162.4295866343671,15,7,134,0.003763506911131531,13.4,0.9253731343283582
expanded_reserve_G,initial_480,91000,17,0.1,91629,COLLISION,none,,,,67,-0.006047998569801649,,0.8059701492537313
expanded_reserve_G,initial_480,91000,18,0.1,91666,SUCCESS,left,42.43964561946347,9,4,124,0.11115803753944248,12.4,1.0
expanded_reserve_G,initial_480,91000,19,0.1,91703,SUCCESS,left,-4.207862455183605,7,3,107,0.3141601799862963,10.700000000000001,1.0
expanded_reserve_G,initial_480,91000,20,0.1,91740,SUCCESS,right,145.6099029252653,14,7,121,0.2883108219166026,12.100000000000001,1.0
expanded_reserve_G,initial_480,91000,21,0.1,91777,SUCCESS,left,-16.729038828784873,7,3,103,0.2041701853322082,10.3,1.0
expanded_reserve_G,initial_480,91000,22,0.1,91814,SUCCESS,right,172.84698654559313,15,7,126,0.033711056933257655,12.600000000000001,0.9841269841269841
expanded_reserve_G,initial_480,91000,23,0.1,91851,SUCCESS,above,110.64241025556606,12,6,101,0.0929020407073845,10.100000000000001,1.0
expanded_reserve_G,initial_480,91000,24,0.1,91888,COLLISION,none,,,,68,-0.007806675069368441,,0.8088235294117647
expanded_reserve_G,initial_480,91000,25,0.1,91925,SUCCESS,left,5.954724141828553,8,4,136,0.15435160626200128,13.600000000000001,1.0
expanded_reserve_G,initial_480,91000,26,0.1,91962,COLLISION,none,,,,65,-0.0027632990901723664,,0.5692307692307692
expanded_reserve_G,initial_480,91000,27,0.1,91999,SUCCESS,right,142.84878261108267,14,7,113,0.3135571058397061,11.3,1.0
expanded_reserve_G,initial_480,91000,28,0.1,92036,COLLISION,none,,,,56,-0.0020644926352668125,,0.5892857142857143
expanded_reserve_G,initial_480,91000,29,0.1,92073,SUCCESS,right,-161.6014546855222,0,0,130,0.13917235830052577,13.0,1.0
expanded_reserve_G,initial_480,91000,30,0.1,92110,SUCCESS,right,160.50441271748946,15,7,123,0.19591632114245272,12.3,1.0
expanded_reserve_G,initial_480,91000,31,0.1,92147,SUCCESS,left,12.641041372493941,8,4,133,0.1738566654608117,13.3,1.0
expanded_reserve_G,initial_480,91000,32,0.1,92184,COLLISION,none,,,,69,-0.0025165473609286004,,0.8260869565217391
expanded_reserve_G,initial_480,91000,33,0.1,92221,COLLISION,above,115.68192525923763,13,6,91,-0.007184631202937386,,0.8571428571428571
expanded_reserve_G,initial_480,91000,34,0.1,92258,SUCCESS,right,145.14332563236823,14,7,126,0.141106137203036,12.600000000000001,1.0
expanded_reserve_G,initial_480,91000,35,0.1,92295,SUCCESS,left,6.35034633534677,8,4,140,0.05330097981812887,14.0,0.8714285714285714
expanded_reserve_G,initial_480,91000,36,0.1,92332,SUCCESS,left,7.230804419705875,8,4,119,0.10756509202943637,11.9,1.0
expanded_reserve_G,initial_480,91000,37,0.1,92369,SUCCESS,left,-14.341314169127246,7,3,105,0.26903209783731596,10.5,1.0
expanded_reserve_G,initial_480,91000,38,0.1,92406,SUCCESS,below,-106.2603422774853,3,1,131,0.042349462264134774,13.100000000000001,1.0
expanded_reserve_G,initial_480,91000,39,0.1,92443,SUCCESS,left,18.69212077351814,8,4,134,0.2130046312161118,13.4,1.0
expanded_reserve_G,initial_480,91000,0,0.3,91000,TIMEOUT,below,-94.23917569421609,3,1,250,0.10435858744514437,,1.0
expanded_reserve_G,initial_480,91000,1,0.3,91037,SUCCESS,left,27.647598835497465,9,4,185,0.282890156670803,18.5,1.0
expanded_reserve_G,initial_480,91000,2,0.3,91074,SUCCESS,above,118.22998129765801,13,6,145,0.18339675768310437,14.5,1.0
expanded_reserve_G,initial_480,91000,3,0.3,91111,SUCCESS,left,1.1960418178672134,8,4,127,0.17772251635224245,12.700000000000001,1.0
expanded_reserve_G,initial_480,91000,4,0.3,91148,SUCCESS,right,-142.76715707010928,1,0,112,0.16266823112133744,11.200000000000001,1.0
expanded_reserve_G,initial_480,91000,5,0.3,91185,SUCCESS,left,17.078894060602746,8,4,108,0.1416568780827298,10.8,1.0
expanded_reserve_G,initial_480,91000,6,0.3,91222,COLLISION,none,,,,70,-0.0020155587260371477,,0.8571428571428571
expanded_reserve_G,initial_480,91000,7,0.3,91259,SUCCESS,above,81.78488772272398,11,5,137,0.1812089989826393,13.700000000000001,1.0
expanded_reserve_G,initial_480,91000,8,0.3,91296,SUCCESS,left,24.94751611278172,9,4,109,0.00835200769192429,10.9,0.9357798165137615
expanded_reserve_G,initial_480,91000,9,0.3,91333,SUCCESS,above,73.95606664330509,11,5,99,0.10722829503282627,9.9,1.0
expanded_reserve_G,initial_480,91000,10,0.3,91370,SUCCESS,left,24.737861566178875,9,4,176,0.12129944556094607,17.6,1.0
expanded_reserve_G,initial_480,91000,11,0.3,91407,SUCCESS,left,-10.81791589530399,7,3,108,0.20074770507203488,10.8,1.0
expanded_reserve_G,initial_480,91000,12,0.3,91444,COLLISION,none,,,,58,-0.0010707969349768032,,0.8275862068965517
expanded_reserve_G,initial_480,91000,13,0.3,91481,SUCCESS,right,-165.0104360330803,0,0,167,0.23259425152622004,16.7,1.0
expanded_reserve_G,initial_480,91000,14,0.3,91518,SUCCESS,above,126.69605176224971,13,6,94,0.14574798140363282,9.4,1.0
expanded_reserve_G,initial_480,91000,15,0.3,91555,SUCCESS,above,130.58172216592388,13,6,103,0.1960712750173519,10.3,1.0
expanded_reserve_G,initial_480,91000,16,0.3,91592,TIMEOUT,right,168.79694548313688,15,7,250,0.02606682602253313,,1.0
expanded_reserve_G,initial_480,91000,17,0.3,91629,COLLISION,left,-44.597500680824126,6,3,67,-0.01106772406889589,,0.835820895522388
expanded_reserve_G,initial_480,91000,18,0.3,91666,SUCCESS,left,41.683887020048736,9,4,124,0.10583264182425778,12.4,1.0
expanded_reserve_G,initial_480,91000,19,0.3,91703,SUCCESS,left,-4.104041861514955,7,3,106,0.3102177818995855,10.600000000000001,1.0
expanded_reserve_G,initial_480,91000,20,0.3,91740,SUCCESS,right,148.96026691071822,14,7,119,0.257523538063388,11.9,1.0
expanded_reserve_G,initial_480,91000,21,0.3,91777,SUCCESS,left,-16.26094421335696,7,3,100,0.19335549087635884,10.0,1.0
expanded_reserve_G,initial_480,91000,22,0.3,91814,COLLISION,none,,,,59,-0.005824728113555555,,0.8135593220338984
expanded_reserve_G,initial_480,91000,23,0.3,91851,SUCCESS,above,109.35867076626221,12,6,101,0.0831221068228567,10.100000000000001,1.0
expanded_reserve_G,initial_480,91000,24,0.3,91888,COLLISION,none,,,,66,-0.006678425215940087,,0.8484848484848485
expanded_reserve_G,initial_480,91000,25,0.3,91925,SUCCESS,left,0.9995146444790564,8,4,127,0.1457508124921052,12.700000000000001,1.0
expanded_reserve_G,initial_480,91000,26,0.3,91962,COLLISION,none,,,,61,-0.003882624953099323,,0.819672131147541
expanded_reserve_G,initial_480,91000,27,0.3,91999,SUCCESS,right,143.57701974054595,14,7,114,0.29372272531713417,11.4,1.0
expanded_reserve_G,initial_480,91000,28,0.3,92036,COLLISION,none,,,,52,-0.007404091439043525,,0.7884615384615384
expanded_reserve_G,initial_480,91000,29,0.3,92073,SUCCESS,right,-155.50299862043553,1,0,164,0.11027509863020302,16.400000000000002,1.0
expanded_reserve_G,initial_480,91000,30,0.3,92110,SUCCESS,right,153.84327633462715,14,7,119,0.16549219253960545,11.9,1.0
expanded_reserve_G,initial_480,91000,31,0.3,92147,SUCCESS,left,12.00554264504072,8,4,130,0.1598980138127405,13.0,1.0
expanded_reserve_G,initial_480,91000,32,0.3,92184,COLLISION,none,,,,66,-0.006400716893276814,,0.8333333333333334
expanded_reserve_G,initial_480,91000,33,0.3,92221,COLLISION,none,,,,92,-0.007704399488609293,,0.8913043478260869
expanded_reserve_G,initial_480,91000,34,0.3,92258,SUCCESS,right,149.1264375555388,14,7,126,0.14144487662976668,12.600000000000001,1.0
expanded_reserve_G,initial_480,91000,35,0.3,92295,COLLISION,none,,,,65,-0.005899926628483654,,0.8307692307692308
expanded_reserve_G,initial_480,91000,36,0.3,92332,SUCCESS,left,7.001941278106634,8,4,118,0.09630833475977035,11.8,1.0
expanded_reserve_G,initial_480,91000,37,0.3,92369,SUCCESS,left,-14.53923104272936,7,3,104,0.2635840538074862,10.4,1.0
expanded_reserve_G,initial_480,91000,38,0.3,92406,OOB,below,-108.0644466831566,3,1,77,0.05617831489656183,,0.8701298701298701
expanded_reserve_G,initial_480,91000,39,0.3,92443,SUCCESS,left,19.46978466102362,8,4,133,0.1940039380629961,13.3,1.0
expanded_reserve_G,initial_480,91000,0,0.5,91000,TIMEOUT,below,-89.68244779250382,4,2,250,0.06312784650840036,,1.0
expanded_reserve_G,initial_480,91000,1,0.5,91037,SUCCESS,left,26.876885553521184,9,4,183,0.265585429376219,18.3,1.0
expanded_reserve_G,initial_480,91000,2,0.5,91074,SUCCESS,above,113.37351769214095,13,6,122,0.18084084817284896,12.200000000000001,1.0
expanded_reserve_G,initial_480,91000,3,0.5,91111,SUCCESS,left,2.14380758806374,8,4,122,0.1672424688559765,12.200000000000001,1.0
expanded_reserve_G,initial_480,91000,4,0.5,91148,SUCCESS,right,-140.4492467210783,1,0,111,0.1387548416987407,11.100000000000001,1.0
expanded_reserve_G,initial_480,91000,5,0.5,91185,SUCCESS,left,13.785504868754888,8,4,105,0.1280400501277406,10.5,1.0
expanded_reserve_G,initial_480,91000,6,0.5,91222,COLLISION,none,,,,71,-0.0021849972559644937,,0.8591549295774648
expanded_reserve_G,initial_480,91000,7,0.5,91259,SUCCESS,above,74.73346552190677,11,5,127,0.16306587123964944,12.700000000000001,1.0
expanded_reserve_G,initial_480,91000,8,0.5,91296,COLLISION,none,,,,47,-0.0012731685399784975,,0.7872340425531915
expanded_reserve_G,initial_480,91000,9,0.5,91333,SUCCESS,above,71.25992783365665,11,5,100,0.10802383692618711,10.0,1.0
expanded_reserve_G,initial_480,91000,10,0.5,91370,SUCCESS,right,155.02944226357363,14,7,171,0.09743308285729557,17.1,1.0
expanded_reserve_G,initial_480,91000,11,0.5,91407,SUCCESS,left,-10.341825987972118,7,3,168,0.19269082898371748,16.8,1.0
expanded_reserve_G,initial_480,91000,12,0.5,91444,COLLISION,none,,,,58,-0.01913547971398938,,0.8275862068965517
expanded_reserve_G,initial_480,91000,13,0.5,91481,SUCCESS,right,-165.50620450196266,0,0,166,0.2168868227474149,16.6,1.0
expanded_reserve_G,initial_480,91000,14,0.5,91518,SUCCESS,above,125.81463946773054,13,6,93,0.1306124996371536,9.3,1.0
expanded_reserve_G,initial_480,91000,15,0.5,91555,SUCCESS,above,128.28222821485053,13,6,105,0.17844232842321317,10.5,1.0
expanded_reserve_G,initial_480,91000,16,0.5,91592,SUCCESS,right,179.540265108313,15,7,136,0.08490969791953812,13.600000000000001,1.0
expanded_reserve_G,initial_480,91000,17,0.5,91629,COLLISION,below,-45.75735023525278,5,2,66,-0.0012045121484365873,,0.8484848484848485
expanded_reserve_G,initial_480,91000,18,0.5,91666,SUCCESS,left,39.372542046021,9,4,124,0.10569839727471259,12.4,1.0
expanded_reserve_G,initial_480,91000,19,0.5,91703,SUCCESS,left,-4.687141322428139,7,3,105,0.31128971395517047,10.5,1.0
expanded_reserve_G,initial_480,91000,20,0.5,91740,SUCCESS,right,150.93782972914278,14,7,119,0.21493296759653668,11.9,1.0
expanded_reserve_G,initial_480,91000,21,0.5,91777,SUCCESS,left,-16.970757759218554,7,3,98,0.17891388565329291,9.8,1.0
expanded_reserve_G,initial_480,91000,22,0.5,91814,COLLISION,none,,,,56,-0.009988706408245451,,0.8214285714285714
expanded_reserve_G,initial_480,91000,23,0.5,91851,SUCCESS,above,107.41897429918058,12,6,102,0.0614526046674404,10.200000000000001,1.0
expanded_reserve_G,initial_480,91000,24,0.5,91888,COLLISION,none,,,,63,-0.00023940918313936077,,0.8412698412698413
expanded_reserve_G,initial_480,91000,25,0.5,91925,SUCCESS,left,3.488460630454033,8,4,121,0.13327716498466147,12.100000000000001,1.0
expanded_reserve_G,initial_480,91000,26,0.5,91962,COLLISION,none,,,,56,-0.00284297356762947,,0.8214285714285714
expanded_reserve_G,initial_480,91000,27,0.5,91999,SUCCESS,right,143.82975021778077,14,7,114,0.27074170499085126,11.4,1.0
expanded_reserve_G,initial_480,91000,28,0.5,92036,COLLISION,none,,,,50,-0.010134486042398028,,0.8
expanded_reserve_G,initial_480,91000,29,0.5,92073,SUCCESS,right,-152.18890254705977,1,0,204,0.11121408666021187,20.400000000000002,1.0
expanded_reserve_G,initial_480,91000,30,0.5,92110,SUCCESS,right,148.61079557679804,14,7,117,0.16510500253163174,11.700000000000001,1.0
expanded_reserve_G,initial_480,91000,31,0.5,92147,SUCCESS,left,7.604738622666186,8,4,129,0.1434071614609584,12.9,1.0
expanded_reserve_G,initial_480,91000,32,0.5,92184,COLLISION,none,,,,63,-0.013753498503678574,,0.8412698412698413
expanded_reserve_G,initial_480,91000,33,0.5,92221,SUCCESS,above,81.36024258848856,11,5,165,0.0747394776376531,16.5,1.0
expanded_reserve_G,initial_480,91000,34,0.5,92258,SUCCESS,right,149.48387741526315,14,7,124,0.1111185833113228,12.4,1.0
expanded_reserve_G,initial_480,91000,35,0.5,92295,COLLISION,none,,,,53,-0.003983584733878609,,0.8113207547169812
expanded_reserve_G,initial_480,91000,36,0.5,92332,SUCCESS,left,7.07829253282223,8,4,118,0.08874692213428503,11.8,1.0
expanded_reserve_G,initial_480,91000,37,0.5,92369,SUCCESS,left,-14.748517141128405,7,3,103,0.2531614758875814,10.3,1.0
expanded_reserve_G,initial_480,91000,38,0.5,92406,SUCCESS,below,-100.9826712187733,3,1,114,0.05970092095765128,11.4,1.0
expanded_reserve_G,initial_480,91000,39,0.5,92443,SUCCESS,left,19.76175008834599,8,4,110,0.1808104248344461,11.0,1.0
expanded_reserve_G,initial_480,91000,0,1.0,91000,SUCCESS,below,-84.05331589248777,4,2,101,0.11040903482983055,10.100000000000001,1.0
expanded_reserve_G,initial_480,91000,1,1.0,91037,SUCCESS,left,22.49296195229585,8,4,100,0.24292241746261967,10.0,1.0
expanded_reserve_G,initial_480,91000,2,1.0,91074,SUCCESS,above,75.7187706790073,11,5,130,0.1408925682633313,13.0,1.0
expanded_reserve_G,initial_480,91000,3,1.0,91111,SUCCESS,left,-2.9663670511727322,7,3,113,0.09868582464312697,11.3,1.0
expanded_reserve_G,initial_480,91000,4,1.0,91148,SUCCESS,below,-121.32733215019582,2,1,138,0.05943408395275873,13.8,1.0
expanded_reserve_G,initial_480,91000,5,1.0,91185,SUCCESS,left,8.857118603665377,8,4,102,0.10873504005953583,10.200000000000001,1.0
expanded_reserve_G,initial_480,91000,6,1.0,91222,COLLISION,none,,,,56,-0.00723831150049864,,0.8214285714285714
expanded_reserve_G,initial_480,91000,7,1.0,91259,SUCCESS,above,62.58637884007365,10,5,150,0.11264487954568042,15.0,1.0
expanded_reserve_G,initial_480,91000,8,1.0,91296,COLLISION,none,,,,46,-0.007461189873169238,,0.782608695652174
expanded_reserve_G,initial_480,91000,9,1.0,91333,SUCCESS,above,65.98484872128994,10,5,139,0.10677444324722768,13.9,1.0
expanded_reserve_G,initial_480,91000,10,1.0,91370,COLLISION,none,,,,55,-0.0009177059628082684,,0.8181818181818182
expanded_reserve_G,initial_480,91000,11,1.0,91407,SUCCESS,left,-10.01922943555196,7,3,163,0.18160018794591504,16.3,1.0
expanded_reserve_G,initial_480,91000,12,1.0,91444,COLLISION,none,,,,55,-0.0019359297664714448,,0.8181818181818182
expanded_reserve_G,initial_480,91000,13,1.0,91481,SUCCESS,right,-163.0749359504343,0,0,169,0.17008691355105643,16.900000000000002,1.0
expanded_reserve_G,initial_480,91000,14,1.0,91518,SUCCESS,above,120.25174114152104,13,6,92,0.08516173676304079,9.200000000000001,1.0
expanded_reserve_G,initial_480,91000,15,1.0,91555,SUCCESS,above,125.70564260969303,13,6,103,0.10648299163060371,10.3,1.0
expanded_reserve_G,initial_480,91000,16,1.0,91592,COLLISION,none,,,,69,-0.008014934986025901,,0.855072463768116
expanded_reserve_G,initial_480,91000,17,1.0,91629,SUCCESS,below,-47.441577726508065,5,2,145,0.03445188969447316,14.5,1.0
expanded_reserve_G,initial_480,91000,18,1.0,91666,SUCCESS,left,35.06052062956961,9,4,122,0.0822917016099482,12.200000000000001,1.0
expanded_reserve_G,initial_480,91000,19,1.0,91703,SUCCESS,left,-5.977102731574601,7,3,100,0.31568627975987207,10.0,1.0
expanded_reserve_G,initial_480,91000,20,1.0,91740,SUCCESS,right,143.89423806612356,14,7,119,0.09960439141160304,11.9,1.0
expanded_reserve_G,initial_480,91000,21,1.0,91777,SUCCESS,left,-17.651280234751166,7,3,94,0.16833639764680286,9.4,1.0
expanded_reserve_G,initial_480,91000,22,1.0,91814,COLLISION,none,,,,51,-0.005085245094828161,,0.803921568627451
expanded_reserve_G,initial_480,91000,23,1.0,91851,SUCCESS,above,106.22557547258235,12,6,101,0.03224861399342538,10.100000000000001,1.0
expanded_reserve_G,initial_480,91000,24,1.0,91888,COLLISION,none,,,,61,-0.0078339819129854,,0.8360655737704918
expanded_reserve_G,initial_480,91000,25,1.0,91925,SUCCESS,left,0.43183729097955936,8,4,111,0.06799728456066223,11.100000000000001,1.0
expanded_reserve_G,initial_480,91000,26,1.0,91962,COLLISION,none,,,,51,-0.0054538654066196846,,0.803921568627451
expanded_reserve_G,initial_480,91000,27,1.0,91999,SUCCESS,right,139.89276007464127,14,7,111,0.2061558310128344,11.100000000000001,1.0
expanded_reserve_G,initial_480,91000,28,1.0,92036,COLLISION,none,,,,48,-0.01365160647864505,,0.7916666666666666
expanded_reserve_G,initial_480,91000,29,1.0,92073,SUCCESS,below,-115.90105554763507,2,1,154,0.007388292156339349,15.4,1.0
expanded_reserve_G,initial_480,91000,30,1.0,92110,SUCCESS,right,145.73295055289924,14,7,117,0.11377135582816222,11.700000000000001,1.0
expanded_reserve_G,initial_480,91000,31,1.0,92147,SUCCESS,left,11.610545818940732,8,4,119,0.09799841928535041,11.9,1.0
expanded_reserve_G,initial_480,91000,32,1.0,92184,COLLISION,none,,,,59,-0.002902885097849084,,0.8305084745762712
expanded_reserve_G,initial_480,91000,33,1.0,92221,SUCCESS,above,51.62228151439456,10,5,118,0.19996575957312068,11.8,1.0
expanded_reserve_G,initial_480,91000,34,1.0,92258,SUCCESS,right,149.20703927434462,14,7,131,0.004850600586066289,13.100000000000001,0.9770992366412213
expanded_reserve_G,initial_480,91000,35,1.0,92295,COLLISION,none,,,,47,-0.0026301950205986357,,0.7872340425531915
expanded_reserve_G,initial_480,91000,36,1.0,92332,SUCCESS,left,6.78926086881142,8,4,116,0.07450643916112615,11.600000000000001,1.0
expanded_reserve_G,initial_480,91000,37,1.0,92369,SUCCESS,left,-15.839647555619607,7,3,116,0.24080649496261297,11.600000000000001,1.0
expanded_reserve_G,initial_480,91000,38,1.0,92406,SUCCESS,below,-95.23388012177888,3,1,100,0.06681754645785493,10.0,1.0
expanded_reserve_G,initial_480,91000,39,1.0,92443,SUCCESS,left,15.210762291712202,8,4,103,0.14819197180061172,10.3,1.0
expanded_reserve_G,initial_480,92000,0,0.1,92000,SUCCESS,left,-22.140654277242284,7,3,109,0.0013204773890675425,10.9,0.908256880733945
expanded_reserve_G,initial_480,92000,1,0.1,92037,SUCCESS,left,6.716192282330623,8,4,122,0.07993869029937922,12.200000000000001,0.8852459016393442
expanded_reserve_G,initial_480,92000,2,0.1,92074,SUCCESS,left,36.78001971146792,9,4,153,0.14488384659315812,15.3,1.0
expanded_reserve_G,initial_480,92000,3,0.1,92111,SUCCESS,above,50.61197083693908,10,5,126,0.06489791715146537,12.600000000000001,1.0
expanded_reserve_G,initial_480,92000,4,0.1,92148,SUCCESS,left,-8.903372991212038,7,3,108,0.15655228045248692,10.8,1.0
expanded_reserve_G,initial_480,92000,5,0.1,92185,SUCCESS,left,8.626654461083755,8,4,122,0.1428842746109007,12.200000000000001,1.0
expanded_reserve_G,initial_480,92000,6,0.1,92222,SUCCESS,right,177.484105381117,15,7,111,0.13174408598929827,11.100000000000001,1.0
expanded_reserve_G,initial_480,92000,7,0.1,92259,SUCCESS,left,10.347774360523482,8,4,124,0.04648208521678843,12.4,0.8709677419354839
expanded_reserve_G,initial_480,92000,8,0.1,92296,SUCCESS,left,11.60034106074597,8,4,113,0.11304151231723691,11.3,1.0
expanded_reserve_G,initial_480,92000,9,0.1,92333,SUCCESS,left,-4.945003103908736,7,3,107,0.22442054681093648,10.700000000000001,1.0
expanded_reserve_G,initial_480,92000,10,0.1,92370,TIMEOUT,left,-26.295480325850505,6,3,250,0.3199647785853529,,1.0
expanded_reserve_G,initial_480,92000,11,0.1,92407,SUCCESS,left,-15.076185330766858,7,3,98,0.3267793841476585,9.8,1.0
expanded_reserve_G,initial_480,92000,12,0.1,92444,TIMEOUT,left,2.82094832542096,8,4,250,0.08212341100924475,,0.94
expanded_reserve_G,initial_480,92000,13,0.1,92481,SUCCESS,left,9.41525099385996,8,4,122,0.15140667117434536,12.200000000000001,1.0
expanded_reserve_G,initial_480,92000,14,0.1,92518,SUCCESS,above,52.13535932231156,10,5,121,0.09779391782596975,12.100000000000001,1.0
expanded_reserve_G,initial_480,92000,15,0.1,92555,COLLISION,none,,,,54,-0.002278566655057157,,0.5740740740740741
expanded_reserve_G,initial_480,92000,16,0.1,92592,SUCCESS,right,164.92745358669637,15,7,120,0.15156542160455577,12.0,1.0
expanded_reserve_G,initial_480,92000,17,0.1,92629,SUCCESS,left,-13.160511844115613,7,3,123,0.11666839936860007,12.3,1.0
expanded_reserve_G,initial_480,92000,18,0.1,92666,SUCCESS,left,-31.537430865302046,6,3,144,0.07840693092623097,14.4,1.0
expanded_reserve_G,initial_480,92000,19,0.1,92703,SUCCESS,above,130.4473397120456,13,6,130,0.039095962424914255,13.0,1.0
expanded_reserve_G,initial_480,92000,20,0.1,92740,OOB,none,,,,41,0.3636093055135273,,0.7560975609756098
expanded_reserve_G,initial_480,92000,21,0.1,92777,SUCCESS,right,135.9957287418635,14,7,102,0.13195328160126735,10.200000000000001,1.0
expanded_reserve_G,initial_480,92000,22,0.1,92814,COLLISION,none,,,,56,-0.0032863133358612684,,0.625
expanded_reserve_G,initial_480,92000,23,0.1,92851,SUCCESS,above,47.58362988031599,10,5,98,0.2288135803191217,9.8,1.0
expanded_reserve_G,initial_480,92000,24,0.1,92888,SUCCESS,left,43.576920669070084,9,4,152,0.03207905929198607,15.200000000000001,0.9144736842105263
expanded_reserve_G,initial_480,92000,25,0.1,92925,SUCCESS,right,151.67009844131408,14,7,127,0.1424638671113963,12.700000000000001,1.0
expanded_reserve_G,initial_480,92000,26,0.1,92962,SUCCESS,right,148.8762862195194,14,7,120,0.008687210473003026,12.0,0.775
expanded_reserve_G,initial_480,92000,27,0.1,92999,SUCCESS,right,-167.18962683680093,0,0,162,0.07612214495169645,16.2,1.0
expanded_reserve_G,initial_480,92000,28,0.1,93036,SUCCESS,right,-137.01949137651306,1,0,109,0.06930483193200532,10.9,1.0
expanded_reserve_G,initial_480,92000,29,0.1,93073,SUCCESS,left,14.164353917045062,8,4,128,0.1334502232107258,12.8,0.96875
expanded_reserve_G,initial_480,92000,30,0.1,93110,TIMEOUT,right,135.9400260413441,14,7,250,0.27879252852183556,,1.0
expanded_reserve_G,initial_480,92000,31,0.1,93147,SUCCESS,left,32.362180217854416,9,4,136,0.12905795225644007,13.600000000000001,0.9779411764705882
expanded_reserve_G,initial_480,92000,32,0.1,93184,TIMEOUT,right,169.86510074819088,15,7,250,0.02109349428231372,,0.908
expanded_reserve_G,initial_480,92000,33,0.1,93221,SUCCESS,above,125.6420448237567,13,6,92,0.2389611282243761,9.200000000000001,1.0
expanded_reserve_G,initial_480,92000,34,0.1,93258,SUCCESS,left,-4.415649193823268,7,3,126,0.14583883188402752,12.600000000000001,1.0
expanded_reserve_G,initial_480,92000,35,0.1,93295,COLLISION,none,,,,61,-0.009386275140841616,,0.7868852459016393
expanded_reserve_G,initial_480,92000,36,0.1,93332,SUCCESS,left,-28.005494042028797,6,3,179,0.17373509672153986,17.900000000000002,1.0
expanded_reserve_G,initial_480,92000,37,0.1,93369,SUCCESS,right,173.95221501517602,15,7,113,0.17891218540593312,11.3,1.0
expanded_reserve_G,initial_480,92000,38,0.1,93406,SUCCESS,left,-2.6239259202782206,7,3,106,0.25608632057438896,10.600000000000001,1.0
expanded_reserve_G,initial_480,92000,39,0.1,93443,SUCCESS,left,8.258302960383093,8,4,144,0.19190482368446238,14.4,1.0
expanded_reserve_G,initial_480,92000,0,0.3,92000,COLLISION,none,,,,61,-0.0006926012813292526,,0.8360655737704918
expanded_reserve_G,initial_480,92000,1,0.3,92037,SUCCESS,left,6.915129045294308,8,4,120,0.0646939882760566,12.0,1.0
expanded_reserve_G,initial_480,92000,2,0.3,92074,SUCCESS,left,41.27178734360793,9,4,151,0.13123019417102244,15.100000000000001,1.0
expanded_reserve_G,initial_480,92000,3,0.3,92111,TIMEOUT,above,46.455001639848376,10,5,250,0.06382930864649367,,1.0
expanded_reserve_G,initial_480,92000,4,0.3,92148,SUCCESS,left,-9.916237809075296,7,3,106,0.1470632460158643,10.600000000000001,1.0
expanded_reserve_G,initial_480,92000,5,0.3,92185,SUCCESS,left,9.009307660151435,8,4,120,0.12598777880385825,12.0,1.0
expanded_reserve_G,initial_480,92000,6,0.3,92222,SUCCESS,right,179.33191400918858,15,7,110,0.1077815200295546,11.0,1.0
expanded_reserve_G,initial_480,92000,7,0.3,92259,SUCCESS,left,6.347471885024424,8,4,117,0.012837624834238615,11.700000000000001,1.0
expanded_reserve_G,initial_480,92000,8,0.3,92296,SUCCESS,left,11.544737365521737,8,4,112,0.10098736152363857,11.200000000000001,1.0
expanded_reserve_G,initial_480,92000,9,0.3,92333,SUCCESS,left,-4.462881502801296,7,3,105,0.21867549251074592,10.5,1.0
expanded_reserve_G,initial_480,92000,10,0.3,92370,SUCCESS,left,-26.430843906841975,6,3,141,0.31168341047957204,14.100000000000001,1.0
expanded_reserve_G,initial_480,92000,11,0.3,92407,SUCCESS,left,-14.695661162694327,7,3,97,0.32287355938970497,9.700000000000001,1.0
expanded_reserve_G,initial_480,92000,12,0.3,92444,SUCCESS,left,-1.5401005439189075,7,3,135,0.07058737762005812,13.5,1.0
expanded_reserve_G,initial_480,92000,13,0.3,92481,SUCCESS,left,9.513946272178474,8,4,121,0.1430940538530156,12.100000000000001,1.0
expanded_reserve_G,initial_480,92000,14,0.3,92518,SUCCESS,above,63.382091916945186,10,5,129,0.05391525961390542,12.9,1.0
expanded_reserve_G,initial_480,92000,15,0.3,92555,COLLISION,none,,,,53,-0.0074499223950080795,,0.7924528301886793
expanded_reserve_G,initial_480,92000,16,0.3,92592,SUCCESS,right,165.70947251827192,15,7,122,0.13961145714853995,12.200000000000001,1.0
expanded_reserve_G,initial_480,92000,17,0.3,92629,SUCCESS,left,-18.761397557179805,7,3,117,0.09062512891826341,11.700000000000001,1.0
expanded_reserve_G,initial_480,92000,18,0.3,92666,SUCCESS,left,-30.138119779397044,6,3,148,0.0521061839050283,14.8,1.0
expanded_reserve_G,initial_480,92000,19,0.3,92703,COLLISION,none,,,,72,-0.004933845766487144,,0.8611111111111112
expanded_reserve_G,initial_480,92000,20,0.3,92740,SUCCESS,below,-64.93068266287386,5,2,110,0.0059910585748277345,11.0,0.990909090909091
expanded_reserve_G,initial_480,92000,21,0.3,92777,SUCCESS,right,136.11225505817075,14,7,101,0.11701768401213053,10.100000000000001,1.0
expanded_reserve_G,initial_480,92000,22,0.3,92814,COLLISION,none,,,,54,-0.00709745168806819,,0.8148148148148148
expanded_reserve_G,initial_480,92000,23,0.3,92851,SUCCESS,above,46.507765270775934,10,5,98,0.23135101773304534,9.8,1.0
expanded_reserve_G,initial_480,92000,24,0.3,92888,SUCCESS,left,44.499912577308784,9,4,153,0.0005053167703261696,15.3,0.9477124183006536
expanded_reserve_G,initial_480,92000,25,0.3,92925,SUCCESS,right,156.72123669971586,14,7,123,0.12002240837438627,12.3,1.0
expanded_reserve_G,initial_480,92000,26,0.3,92962,COLLISION,none,,,,51,-0.005282464664352282,,0.7843137254901961
expanded_reserve_G,initial_480,92000,27,0.3,92999,SUCCESS,right,-161.38906831855675,0,0,159,0.04602150478283085,15.9,1.0
expanded_reserve_G,initial_480,92000,28,0.3,93036,SUCCESS,right,-137.53697513847897,1,0,106,0.06915145750072665,10.600000000000001,1.0
expanded_reserve_G,initial_480,92000,29,0.3,93073,SUCCESS,left,14.728984320434405,8,4,123,0.11635189010945635,12.3,1.0
expanded_reserve_G,initial_480,92000,30,0.3,93110,SUCCESS,right,141.39697220428295,14,7,202,0.2614278282195772,20.200000000000003,1.0
expanded_reserve_G,initial_480,92000,31,0.3,93147,SUCCESS,left,22.345879776038053,8,4,126,0.10868137803359595,12.600000000000001,1.0
expanded_reserve_G,initial_480,92000,32,0.3,93184,SUCCESS,above,125.37581712147099,13,6,188,0.005024303252201545,18.8,0.9680851063829787
expanded_reserve_G,initial_480,92000,33,0.3,93221,SUCCESS,above,126.5401936560608,13,6,90,0.2078197805733083,9.0,1.0
expanded_reserve_G,initial_480,92000,34,0.3,93258,SUCCESS,left,-6.134299194656832,7,3,127,0.13766442086584973,12.700000000000001,1.0
expanded_reserve_G,initial_480,92000,35,0.3,93295,COLLISION,none,,,,59,-0.006100138753225626,,0.8305084745762712
expanded_reserve_G,initial_480,92000,36,0.3,93332,SUCCESS,left,-16.523455713802143,7,3,162,0.1539104843491621,16.2,1.0
expanded_reserve_G,initial_480,92000,37,0.3,93369,SUCCESS,right,174.7567585502887,15,7,112,0.14168969892345407,11.200000000000001,1.0
expanded_reserve_G,initial_480,92000,38,0.3,93406,SUCCESS,left,-4.337594167907277,7,3,105,0.24466678720578194,10.5,1.0
expanded_reserve_G,initial_480,92000,39,0.3,93443,SUCCESS,left,4.905176102187431,8,4,115,0.17747662014336663,11.5,1.0
expanded_reserve_G,initial_480,92000,0,0.5,92000,COLLISION,none,,,,60,-0.002846201318195629,,0.8333333333333334
expanded_reserve_G,initial_480,92000,1,0.5,92037,SUCCESS,left,7.9939991756246656,8,4,118,0.055866302353509145,11.8,1.0
expanded_reserve_G,initial_480,92000,2,0.5,92074,SUCCESS,left,39.39852829201023,9,4,150,0.17156288281336107,15.0,1.0
expanded_reserve_G,initial_480,92000,3,0.5,92111,SUCCESS,left,42.00782848227303,9,4,117,0.07160873934851208,11.700000000000001,1.0
expanded_reserve_G,initial_480,92000,4,0.5,92148,SUCCESS,left,-11.380236758199922,7,3,104,0.13504867704381457,10.4,1.0
expanded_reserve_G,initial_480,92000,5,0.5,92185,SUCCESS,left,9.797580674948513,8,4,118,0.10796837777081808,11.8,1.0
expanded_reserve_G,initial_480,92000,6,0.5,92222,SUCCESS,right,-178.47638224517104,0,0,109,0.08509256566274737,10.9,1.0
expanded_reserve_G,initial_480,92000,7,0.5,92259,COLLISION,none,,,,58,-0.002545122193983562,,0.8275862068965517
expanded_reserve_G,initial_480,92000,8,0.5,92296,SUCCESS,left,10.90100828726847,8,4,111,0.0906043961441999,11.100000000000001,1.0
expanded_reserve_G,initial_480,92000,9,0.5,92333,SUCCESS,left,-3.797728812775869,7,3,104,0.21247043637167873,10.4,1.0
expanded_reserve_G,initial_480,92000,10,0.5,92370,SUCCESS,left,-26.04874961380457,6,3,138,0.2997816243630015,13.8,1.0
expanded_reserve_G,initial_480,92000,11,0.5,92407,SUCCESS,left,-14.648803415919604,7,3,95,0.3213400843397194,9.5,1.0
expanded_reserve_G,initial_480,92000,12,0.5,92444,SUCCESS,left,-4.239861363623022,7,3,126,0.05210060622999391,12.600000000000001,1.0
expanded_reserve_G,initial_480,92000,13,0.5,92481,SUCCESS,left,9.565084793812982,8,4,120,0.13586832812712107,12.0,1.0
expanded_reserve_G,initial_480,92000,14,0.5,92518,SUCCESS,above,61.55656162069116,10,5,135,0.031316221950531964,13.5,1.0
expanded_reserve_G,initial_480,92000,15,0.5,92555,COLLISION,none,,,,51,-0.004083354117039695,,0.803921568627451
expanded_reserve_G,initial_480,92000,16,0.5,92592,SUCCESS,right,164.11932651515963,15,7,122,0.11905279875821384,12.200000000000001,1.0
expanded_reserve_G,initial_480,92000,17,0.5,92629,SUCCESS,left,-20.97847820326418,7,3,113,0.07065438668748053,11.3,1.0
expanded_reserve_G,initial_480,92000,18,0.5,92666,SUCCESS,left,-28.32862047193544,6,3,146,0.028855775958019636,14.600000000000001,1.0
expanded_reserve_G,initial_480,92000,19,0.5,92703,COLLISION,none,,,,65,-0.009552578018395208,,0.8461538461538461
expanded_reserve_G,initial_480,92000,20,0.5,92740,COLLISION,below,-71.44268741041085,4,2,57,-0.00037323577508641126,,0.8245614035087719
expanded_reserve_G,initial_480,92000,21,0.5,92777,SUCCESS,right,135.98017226162077,14,7,100,0.07811610474511671,10.0,1.0
expanded_reserve_G,initial_480,92000,22,0.5,92814,COLLISION,none,,,,52,-0.0005362550012685263,,0.8076923076923077
expanded_reserve_G,initial_480,92000,23,0.5,92851,SUCCESS,above,45.177537285904734,10,5,97,0.2310009134752432,9.700000000000001,1.0
expanded_reserve_G,initial_480,92000,24,0.5,92888,COLLISION,none,,,,62,-0.003329158164920909,,0.8387096774193549
expanded_reserve_G,initial_480,92000,25,0.5,92925,SUCCESS,right,166.97571006975164,15,7,121,0.08804455985808057,12.100000000000001,1.0
expanded_reserve_G,initial_480,92000,26,0.5,92962,COLLISION,none,,,,48,-0.0006205463663043198,,0.7916666666666666
expanded_reserve_G,initial_480,92000,27,0.5,92999,COLLISION,none,,,,73,-0.00591507579122269,,0.863013698630137
expanded_reserve_G,initial_480,92000,28,0.5,93036,SUCCESS,right,-137.635439854686,1,0,104,0.07116328979211639,10.4,1.0
expanded_reserve_G,initial_480,92000,29,0.5,93073,SUCCESS,left,12.931795224056723,8,4,120,0.10241051749529867,12.0,1.0
expanded_reserve_G,initial_480,92000,30,0.5,93110,SUCCESS,above,133.13306093433263,13,6,201,0.24189699812773535,20.1,1.0
expanded_reserve_G,initial_480,92000,31,0.5,93147,SUCCESS,left,24.77006105831294,9,4,118,0.08882650244710216,11.8,1.0
expanded_reserve_G,initial_480,92000,32,0.5,93184,COLLISION,none,,,,50,-0.009051156164128715,,0.8
expanded_reserve_G,initial_480,92000,33,0.5,93221,SUCCESS,above,126.62331278308598,13,6,88,0.17722654238417945,8.8,1.0
expanded_reserve_G,initial_480,92000,34,0.5,93258,SUCCESS,left,-7.304362353026894,7,3,126,0.13071319015559257,12.600000000000001,1.0
expanded_reserve_G,initial_480,92000,35,0.5,93295,COLLISION,none,,,,58,-0.0027862888684654363,,0.8275862068965517
expanded_reserve_G,initial_480,92000,36,0.5,93332,SUCCESS,left,-15.605292113088044,7,3,163,0.1398147888431744,16.3,1.0
expanded_reserve_G,initial_480,92000,37,0.5,93369,SUCCESS,right,173.7569455936941,15,7,113,0.11600207724836048,11.3,1.0
expanded_reserve_G,initial_480,92000,38,0.5,93406,SUCCESS,left,-7.179262221083229,7,3,103,0.2339524567284812,10.3,1.0
expanded_reserve_G,initial_480,92000,39,0.5,93443,SUCCESS,left,1.4128772347772294,8,4,112,0.16606049139170842,11.200000000000001,1.0
expanded_reserve_G,initial_480,92000,0,1.0,92000,COLLISION,none,,,,57,-9.33721338528537e-05,,0.8245614035087719
expanded_reserve_G,initial_480,92000,1,1.0,92037,SUCCESS,left,6.66693364836665,8,4,110,0.036369234588261745,11.0,1.0
expanded_reserve_G,initial_480,92000,2,1.0,92074,TIMEOUT,left,42.09036570379908,9,4,250,0.1256580143683365,,1.0
expanded_reserve_G,initial_480,92000,3,1.0,92111,SUCCESS,left,37.46136679587967,9,4,116,0.07271584379406287,11.600000000000001,1.0
expanded_reserve_G,initial_480,92000,4,1.0,92148,SUCCESS,left,-14.271382678307898,7,3,120,0.11598894621126588,12.0,1.0
expanded_reserve_G,initial_480,92000,5,1.0,92185,SUCCESS,left,-1.3607601375934681,7,3,112,0.03413146483107332,11.200000000000001,1.0
expanded_reserve_G,initial_480,92000,6,1.0,92222,COLLISION,none,,,,60,-0.00802329075316266,,0.8333333333333334
expanded_reserve_G,initial_480,92000,7,1.0,92259,COLLISION,none,,,,50,-0.009783390625304533,,0.8
expanded_reserve_G,initial_480,92000,8,1.0,92296,SUCCESS,left,11.509617012973386,8,4,107,0.07640688527150613,10.700000000000001,1.0
expanded_reserve_G,initial_480,92000,9,1.0,92333,SUCCESS,left,-3.1365198044524543,7,3,100,0.19958733055817868,10.0,1.0
expanded_reserve_G,initial_480,92000,10,1.0,92370,TIMEOUT,left,-24.048956274325324,6,3,250,0.26005457333610094,,1.0
expanded_reserve_G,initial_480,92000,11,1.0,92407,SUCCESS,left,-14.381019182542953,7,3,92,0.30778202765335794,9.200000000000001,1.0
expanded_reserve_G,initial_480,92000,12,1.0,92444,COLLISION,none,,,,59,-0.002128578628958322,,0.8135593220338984
expanded_reserve_G,initial_480,92000,13,1.0,92481,SUCCESS,left,9.740048097792844,8,4,114,0.1257241606240982,11.4,1.0
expanded_reserve_G,initial_480,92000,14,1.0,92518,COLLISION,none,,,,56,-0.002222699770659642,,0.8214285714285714
expanded_reserve_G,initial_480,92000,15,1.0,92555,COLLISION,none,,,,48,-0.008988915761773852,,0.7916666666666666
expanded_reserve_G,initial_480,92000,16,1.0,92592,SUCCESS,left,5.972296449737098,8,4,166,0.061599145169996206,16.6,1.0
expanded_reserve_G,initial_480,92000,17,1.0,92629,SUCCESS,left,-24.46453007411021,6,3,105,0.07294077302017382,10.5,1.0
expanded_reserve_G,initial_480,92000,18,1.0,92666,COLLISION,none,,,,55,-0.002771983079017104,,0.8181818181818182
expanded_reserve_G,initial_480,92000,19,1.0,92703,SUCCESS,above,69.81550121594617,11,5,131,0.010260426262673095,13.100000000000001,0.9312977099236641
expanded_reserve_G,initial_480,92000,20,1.0,92740,SUCCESS,below,-73.10562915014434,4,2,101,0.06990353770049645,10.100000000000001,1.0
expanded_reserve_G,initial_480,92000,21,1.0,92777,SUCCESS,above,133.9428322988783,13,6,98,0.04435492144952824,9.8,1.0
expanded_reserve_G,initial_480,92000,22,1.0,92814,COLLISION,none,,,,49,-0.009580726051529986,,0.7959183673469388
expanded_reserve_G,initial_480,92000,23,1.0,92851,TIMEOUT,left,42.5066955427667,9,4,250,0.23735284979368265,,1.0
expanded_reserve_G,initial_480,92000,24,1.0,92888,COLLISION,none,,,,51,-0.006086729534983737,,0.803921568627451
expanded_reserve_G,initial_480,92000,25,1.0,92925,COLLISION,none,,,,56,-0.0009441538408849204,,0.8214285714285714
expanded_reserve_G,initial_480,92000,26,1.0,92962,COLLISION,none,,,,46,-0.01408866551841137,,0.782608695652174
expanded_reserve_G,initial_480,92000,27,1.0,92999,COLLISION,none,,,,61,-0.0034048288531511317,,0.8360655737704918
expanded_reserve_G,initial_480,92000,28,1.0,93036,COLLISION,none,,,,61,-0.0033427913323009206,,0.8360655737704918
expanded_reserve_G,initial_480,92000,29,1.0,93073,SUCCESS,left,16.796926233550906,8,4,111,0.03988083430657374,11.100000000000001,1.0
expanded_reserve_G,initial_480,92000,30,1.0,93110,SUCCESS,right,144.81615032800605,14,7,118,0.18006719097931367,11.8,1.0
expanded_reserve_G,initial_480,92000,31,1.0,93147,SUCCESS,left,15.290100819171585,8,4,112,0.038443421567318836,11.200000000000001,1.0
expanded_reserve_G,initial_480,92000,32,1.0,93184,COLLISION,none,,,,46,-0.0074500202092954715,,0.782608695652174
expanded_reserve_G,initial_480,92000,33,1.0,93221,SUCCESS,above,126.11312681478454,13,6,85,0.13991551194762475,8.5,1.0
expanded_reserve_G,initial_480,92000,34,1.0,93258,SUCCESS,left,-11.90484872706985,7,3,128,0.122745107751841,12.8,1.0
expanded_reserve_G,initial_480,92000,35,1.0,93295,COLLISION,none,,,,56,-0.005840952522479903,,0.8214285714285714
expanded_reserve_G,initial_480,92000,36,1.0,93332,SUCCESS,left,-13.991935051501091,7,3,119,0.096837386552304,11.9,1.0
expanded_reserve_G,initial_480,92000,37,1.0,93369,SUCCESS,right,175.01823712268938,15,7,112,0.06858436860284384,11.200000000000001,1.0
expanded_reserve_G,initial_480,92000,38,1.0,93406,SUCCESS,left,-14.035325570927924,7,3,102,0.20697376157454717,10.200000000000001,1.0
expanded_reserve_G,initial_480,92000,39,1.0,93443,SUCCESS,left,-5.421862475901616,7,3,108,0.1332745910020074,10.8,1.0
expanded_reserve_G,initial_480,93000,0,0.1,93000,SUCCESS,above,115.37055762527622,13,6,105,0.1746598008963436,10.5,1.0
expanded_reserve_G,initial_480,93000,1,0.1,93037,SUCCESS,right,152.64633893355798,14,7,138,0.11136571220954666,13.8,0.9420289855072463
expanded_reserve_G,initial_480,93000,2,0.1,93074,TIMEOUT,above,45.59207257116204,10,5,250,0.1795642355104582,,1.0
expanded_reserve_G,initial_480,93000,3,0.1,93111,SUCCESS,left,34.3444424127731,9,4,156,0.12426906257635106,15.600000000000001,1.0
expanded_reserve_G,initial_480,93000,4,0.1,93148,SUCCESS,left,-10.566599559309797,7,3,119,0.05520462090119371,11.9,0.8823529411764706
expanded_reserve_G,initial_480,93000,5,0.1,93185,SUCCESS,left,24.015750595429513,9,4,145,0.1797932611212626,14.5,1.0
expanded_reserve_G,initial_480,93000,6,0.1,93222,SUCCESS,left,18.96064578462214,8,4,149,0.1871316797528435,14.9,1.0
expanded_reserve_G,initial_480,93000,7,0.1,93259,SUCCESS,right,167.07660521233777,15,7,112,0.21642322267878045,11.200000000000001,1.0
expanded_reserve_G,initial_480,93000,8,0.1,93296,SUCCESS,left,10.027274360150129,8,4,105,0.12322385267897346,10.5,1.0
expanded_reserve_G,initial_480,93000,9,0.1,93333,SUCCESS,left,13.09463312474384,8,4,121,0.2260578652277616,12.100000000000001,1.0
expanded_reserve_G,initial_480,93000,10,0.1,93370,SUCCESS,left,-1.504196615347013,7,3,123,0.144963832367335,12.3,1.0
expanded_reserve_G,initial_480,93000,11,0.1,93407,COLLISION,none,,,,58,-0.0038761472121883744,,0.7931034482758621
expanded_reserve_G,initial_480,93000,12,0.1,93444,TIMEOUT,right,160.86474087159505,15,7,250,0.21507052075799293,,1.0
expanded_reserve_G,initial_480,93000,13,0.1,93481,SUCCESS,right,164.34772339965707,15,7,136,0.072046967244002,13.600000000000001,1.0
expanded_reserve_G,initial_480,93000,14,0.1,93518,SUCCESS,left,-21.2832977632578,7,3,123,0.06308666558490678,12.3,1.0
expanded_reserve_G,initial_480,93000,15,0.1,93555,SUCCESS,right,156.85630892165264,14,7,102,0.2145077878712478,10.200000000000001,1.0
expanded_reserve_G,initial_480,93000,16,0.1,93592,COLLISION,none,,,,63,-0.00116863985334692,,0.8412698412698413
expanded_reserve_G,initial_480,93000,17,0.1,93629,SUCCESS,left,33.298459496223856,9,4,133,0.1612686427324974,13.3,1.0
expanded_reserve_G,initial_480,93000,18,0.1,93666,TIMEOUT,above,112.72236497174474,13,6,250,0.1589004015467923,,1.0
expanded_reserve_G,initial_480,93000,19,0.1,93703,SUCCESS,left,28.289880481585634,9,4,123,0.15689353336794154,12.3,1.0
expanded_reserve_G,initial_480,93000,20,0.1,93740,SUCCESS,left,-12.167341402288246,7,3,121,0.12030808442849666,12.100000000000001,0.9917355371900827
expanded_reserve_G,initial_480,93000,21,0.1,93777,SUCCESS,left,-3.6359082246299095,7,3,128,0.2748077910107115,12.8,1.0
expanded_reserve_G,initial_480,93000,22,0.1,93814,SUCCESS,right,158.88384038388676,15,7,122,0.19645260445704815,12.200000000000001,1.0
expanded_reserve_G,initial_480,93000,23,0.1,93851,SUCCESS,left,-9.709589754041485,7,3,140,0.15453006941139347,14.0,1.0
expanded_reserve_G,initial_480,93000,24,0.1,93888,SUCCESS,above,53.636837762833686,10,5,104,0.1408147671549822,10.4,1.0
expanded_reserve_G,initial_480,93000,25,0.1,93925,SUCCESS,right,151.15124645031352,14,7,107,0.18535364789987274,10.700000000000001,1.0
expanded_reserve_G,initial_480,93000,26,0.1,93962,SUCCESS,right,173.53832370755637,15,7,99,0.20641345477795703,9.9,1.0
expanded_reserve_G,initial_480,93000,27,0.1,93999,SUCCESS,right,165.36439740180072,15,7,116,0.08907066168443872,11.600000000000001,1.0
expanded_reserve_G,initial_480,93000,28,0.1,94036,SUCCESS,right,139.52281558811305,14,7,112,0.004471297445480804,11.200000000000001,1.0
expanded_reserve_G,initial_480,93000,29,0.1,94073,SUCCESS,left,-5.717871861027034,7,3,143,0.13556266360010366,14.3,1.0
expanded_reserve_G,initial_480,93000,30,0.1,94110,SUCCESS,left,2.3741504760847447,8,4,140,0.14141168421185796,14.0,1.0
expanded_reserve_G,initial_480,93000,31,0.1,94147,SUCCESS,right,163.46115381800834,15,7,121,0.13045336463325513,12.100000000000001,0.9586776859504132
expanded_reserve_G,initial_480,93000,32,0.1,94184,COLLISION,none,,,,61,-0.00189424579432812,,0.6065573770491803
expanded_reserve_G,initial_480,93000,33,0.1,94221,SUCCESS,right,140.38842505421775,14,7,119,0.1896438021361787,11.9,1.0
expanded_reserve_G,initial_480,93000,34,0.1,94258,COLLISION,none,,,,75,-0.0013316780974420017,,0.8533333333333334
expanded_reserve_G,initial_480,93000,35,0.1,94295,SUCCESS,below,-133.0551059130451,2,1,145,0.07340262441945017,14.5,1.0
expanded_reserve_G,initial_480,93000,36,0.1,94332,SUCCESS,left,-12.585014038679681,7,3,129,0.17277739208685905,12.9,1.0
expanded_reserve_G,initial_480,93000,37,0.1,94369,SUCCESS,left,-15.683758664460372,7,3,137,0.02797181509208735,13.700000000000001,0.8467153284671532
expanded_reserve_G,initial_480,93000,38,0.1,94406,SUCCESS,right,150.3718992676386,14,7,181,0.14387752684750194,18.1,1.0
expanded_reserve_G,initial_480,93000,39,0.1,94443,SUCCESS,above,129.58744746763048,13,6,134,0.32798189124648947,13.4,1.0
expanded_reserve_G,initial_480,93000,0,0.3,93000,SUCCESS,above,113.72663331677953,13,6,104,0.1628373443051797,10.4,1.0
expanded_reserve_G,initial_480,93000,1,0.3,93037,SUCCESS,right,150.88852810549855,14,7,152,0.04833399937898347,15.200000000000001,1.0
expanded_reserve_G,initial_480,93000,2,0.3,93074,TIMEOUT,above,45.36439601950537,10,5,250,0.18908656989291828,,1.0
expanded_reserve_G,initial_480,93000,3,0.3,93111,SUCCESS,above,45.91279397101657,10,5,157,0.011381918384382461,15.700000000000001,1.0
expanded_reserve_G,initial_480,93000,4,0.3,93148,SUCCESS,left,-9.962728916869398,7,3,115,0.045860689364516205,11.5,1.0
expanded_reserve_G,initial_480,93000,5,0.3,93185,SUCCESS,left,14.27689105203675,8,4,148,0.1649920457674834,14.8,1.0
expanded_reserve_G,initial_480,93000,6,0.3,93222,SUCCESS,left,24.114104314930046,9,4,134,0.16904103580679952,13.4,1.0
expanded_reserve_G,initial_480,93000,7,0.3,93259,SUCCESS,right,165.6840979428826,15,7,112,0.21148677787282155,11.200000000000001,1.0
expanded_reserve_G,initial_480,93000,8,0.3,93296,SUCCESS,left,9.646718505376171,8,4,104,0.11030160002375933,10.4,1.0
expanded_reserve_G,initial_480,93000,9,0.3,93333,SUCCESS,left,13.029762520279636,8,4,117,0.20063299869978624,11.700000000000001,1.0
expanded_reserve_G,initial_480,93000,10,0.3,93370,SUCCESS,left,-0.22584108602730074,7,3,119,0.13500446784970171,11.9,1.0
expanded_reserve_G,initial_480,93000,11,0.3,93407,COLLISION,below,-78.28902417310479,4,2,58,-0.009014904370420018,,0.8275862068965517
expanded_reserve_G,initial_480,93000,12,0.3,93444,TIMEOUT,above,134.61478541169413,13,6,250,0.19379646500538983,,1.0
expanded_reserve_G,initial_480,93000,13,0.3,93481,SUCCESS,right,164.64055988396728,15,7,137,0.050065655467182946,13.700000000000001,1.0
expanded_reserve_G,initial_480,93000,14,0.3,93518,SUCCESS,left,-31.140697694064176,6,3,119,0.024138094016221523,11.9,1.0
expanded_reserve_G,initial_480,93000,15,0.3,93555,SUCCESS,right,155.90949418425072,14,7,100,0.18700556876631103,10.0,1.0
expanded_reserve_G,initial_480,93000,16,0.3,93592,SUCCESS,above,120.95157652790027,13,6,110,0.0005092241090134952,11.0,0.8909090909090909
expanded_reserve_G,initial_480,93000,17,0.3,93629,SUCCESS,left,37.49368426397628,9,4,132,0.147985556203575,13.200000000000001,1.0
expanded_reserve_G,initial_480,93000,18,0.3,93666,SUCCESS,above,110.8138512810542,12,6,137,0.1493921295013949,13.700000000000001,1.0
expanded_reserve_G,initial_480,93000,19,0.3,93703,SUCCESS,left,29.45735252732888,9,4,124,0.18062329105364716,12.4,1.0
expanded_reserve_G,initial_480,93000,20,0.3,93740,SUCCESS,left,-12.095272477937284,7,3,116,0.11154082477922911,11.600000000000001,1.0
expanded_reserve_G,initial_480,93000,21,0.3,93777,SUCCESS,left,-2.6450576356007622,7,3,121,0.2918263237376447,12.100000000000001,1.0
expanded_reserve_G,initial_480,93000,22,0.3,93814,SUCCESS,right,161.89160105516945,15,7,118,0.1726819791654962,11.8,1.0
expanded_reserve_G,initial_480,93000,23,0.3,93851,SUCCESS,left,-13.31749564008873,7,3,139,0.1833287595268277,13.9,1.0
expanded_reserve_G,initial_480,93000,24,0.3,93888,SUCCESS,above,52.259825418841125,10,5,103,0.14747242351378131,10.3,1.0
expanded_reserve_G,initial_480,93000,25,0.3,93925,SUCCESS,right,153.6085115816924,14,7,107,0.16981867980646959,10.700000000000001,1.0
expanded_reserve_G,initial_480,93000,26,0.3,93962,SUCCESS,right,173.87278940227498,15,7,98,0.1901008717256183,9.8,1.0
expanded_reserve_G,initial_480,93000,27,0.3,93999,SUCCESS,right,167.44199045860697,15,7,116,0.04422091944863721,11.600000000000001,1.0
expanded_reserve_G,initial_480,93000,28,0.3,94036,COLLISION,none,,,,64,-0.00030505566215971447,,0.84375
expanded_reserve_G,initial_480,93000,29,0.3,94073,SUCCESS,left,-10.93547362200686,7,3,139,0.0742020849989764,13.9,1.0
expanded_reserve_G,initial_480,93000,30,0.3,94110,SUCCESS,left,0.8826323593404906,8,4,135,0.13428375663990172,13.5,1.0
expanded_reserve_G,initial_480,93000,31,0.3,94147,TIMEOUT,right,155.91395262453904,14,7,250,0.10213936325888218,,1.0
expanded_reserve_G,initial_480,93000,32,0.3,94184,COLLISION,none,,,,57,-0.004477943295879416,,0.8245614035087719
expanded_reserve_G,initial_480,93000,33,0.3,94221,SUCCESS,right,138.5951574811208,14,7,121,0.20362581172583327,12.100000000000001,1.0
expanded_reserve_G,initial_480,93000,34,0.3,94258,COLLISION,none,,,,74,-0.007718389366880296,,0.8648648648648649
expanded_reserve_G,initial_480,93000,35,0.3,94295,COLLISION,none,,,,79,-0.002098633553632545,,0.8734177215189873
expanded_reserve_G,initial_480,93000,36,0.3,94332,SUCCESS,left,-15.258059013177634,7,3,130,0.16842368250935547,13.0,1.0
expanded_reserve_G,initial_480,93000,37,0.3,94369,COLLISION,none,,,,56,-4.33759264870659e-05,,0.8035714285714286
expanded_reserve_G,initial_480,93000,38,0.3,94406,SUCCESS,left,25.05494837775369,9,4,136,0.12842066304664235,13.600000000000001,1.0
expanded_reserve_G,initial_480,93000,39,0.3,94443,SUCCESS,above,128.87598849638294,13,6,105,0.2826834350068016,10.5,1.0
expanded_reserve_G,initial_480,93000,0,0.5,93000,SUCCESS,above,112.56961136394453,13,6,104,0.147732364716871,10.4,1.0
expanded_reserve_G,initial_480,93000,1,0.5,93037,COLLISION,none,,,,75,-0.005494552958675014,,0.8666666666666667
expanded_reserve_G,initial_480,93000,2,0.5,93074,TIMEOUT,left,44.35572902924692,9,4,250,0.19372297428666474,,1.0
expanded_reserve_G,initial_480,93000,3,0.5,93111,SUCCESS,above,46.500608059854045,10,5,152,0.0034437351789827764,15.200000000000001,1.0
expanded_reserve_G,initial_480,93000,4,0.5,93148,SUCCESS,left,-12.151705341858865,7,3,109,0.033955535229356903,10.9,1.0
expanded_reserve_G,initial_480,93000,5,0.5,93185,SUCCESS,left,14.019333283925388,8,4,138,0.14838238403786463,13.8,1.0
expanded_reserve_G,initial_480,93000,6,0.5,93222,SUCCESS,left,30.69534694696893,9,4,130,0.14791523178696808,13.0,1.0
expanded_reserve_G,initial_480,93000,7,0.5,93259,SUCCESS,right,159.72376058612784,15,7,114,0.15891396291691773,11.4,1.0
expanded_reserve_G,initial_480,93000,8,0.5,93296,SUCCESS,left,9.34772428030701,8,4,102,0.10253885589357542,10.200000000000001,1.0
expanded_reserve_G,initial_480,93000,9,0.5,93333,SUCCESS,left,12.21293165139059,8,4,114,0.15990352226018523,11.4,1.0
expanded_reserve_G,initial_480,93000,10,0.5,93370,SUCCESS,left,2.3412365407448315,8,4,115,0.11368219814897579,11.5,1.0
expanded_reserve_G,initial_480,93000,11,0.5,93407,COLLISION,below,-77.20612554521409,4,2,57,-0.0035351501342145153,,0.8245614035087719
expanded_reserve_G,initial_480,93000,12,0.5,93444,TIMEOUT,left,14.78309182010704,8,4,250,0.17582533999148475,,1.0
expanded_reserve_G,initial_480,93000,13,0.5,93481,SUCCESS,right,168.37415499989274,15,7,139,0.021308416032344457,13.9,1.0
expanded_reserve_G,initial_480,93000,14,0.5,93518,SUCCESS,left,-32.65638843090389,6,3,117,0.02506664931021485,11.700000000000001,1.0
expanded_reserve_G,initial_480,93000,15,0.5,93555,SUCCESS,right,156.07202017137774,14,7,99,0.16336926231227256,9.9,1.0
expanded_reserve_G,initial_480,93000,16,0.5,93592,COLLISION,none,,,,54,-0.00017256703896345593,,0.8148148148148148
expanded_reserve_G,initial_480,93000,17,0.5,93629,SUCCESS,left,34.99770564452583,9,4,129,0.09961455054204615,12.9,1.0
expanded_reserve_G,initial_480,93000,18,0.5,93666,TIMEOUT,above,107.39625665320074,12,6,250,0.13446797634957125,,1.0
expanded_reserve_G,initial_480,93000,19,0.5,93703,SUCCESS,left,32.39797258699604,9,4,127,0.18045366641331728,12.700000000000001,1.0
expanded_reserve_G,initial_480,93000,20,0.5,93740,SUCCESS,left,-12.470033585366426,7,3,114,0.09447207245063677,11.4,1.0
expanded_reserve_G,initial_480,93000,21,0.5,93777,SUCCESS,left,-2.808486967475474,7,3,117,0.2701652085129689,11.700000000000001,1.0
expanded_reserve_G,initial_480,93000,22,0.5,93814,SUCCESS,right,161.69995590534856,15,7,118,0.1403363471394315,11.8,1.0
expanded_reserve_G,initial_480,93000,23,0.5,93851,SUCCESS,left,-20.11708742698511,7,3,136,0.12094313017587632,13.600000000000001,1.0
expanded_reserve_G,initial_480,93000,24,0.5,93888,SUCCESS,above,51.09737771377561,10,5,103,0.1501679694259248,10.3,1.0
expanded_reserve_G,initial_480,93000,25,0.5,93925,SUCCESS,right,153.0647420125505,14,7,108,0.15278557875035326,10.8,1.0
expanded_reserve_G,initial_480,93000,26,0.5,93962,SUCCESS,right,175.05544467166848,15,7,98,0.16802223939495886,9.8,1.0
expanded_reserve_G,initial_480,93000,27,0.5,93999,SUCCESS,right,167.68114864735648,15,7,116,0.03469353178170048,11.600000000000001,1.0
expanded_reserve_G,initial_480,93000,28,0.5,94036,COLLISION,none,,,,63,-0.0030773996023547023,,0.8412698412698413
expanded_reserve_G,initial_480,93000,29,0.5,94073,SUCCESS,left,-16.41974235296519,7,3,136,0.04717759861666593,13.600000000000001,1.0
expanded_reserve_G,initial_480,93000,30,0.5,94110,SUCCESS,left,4.0475576083229905,8,4,131,0.11985135388059609,13.100000000000001,1.0
expanded_reserve_G,initial_480,93000,31,0.5,94147,SUCCESS,left,33.98550648663878,9,4,155,0.05315345887667117,15.5,1.0
expanded_reserve_G,initial_480,93000,32,0.5,94184,COLLISION,none,,,,54,-0.0052307663662369275,,0.8148148148148148
expanded_reserve_G,initial_480,93000,33,0.5,94221,SUCCESS,right,140.72038957544888,14,7,120,0.18934671602464792,12.0,1.0
expanded_reserve_G,initial_480,93000,34,0.5,94258,COLLISION,none,,,,68,-0.0004652151644631841,,0.8529411764705882
expanded_reserve_G,initial_480,93000,35,0.5,94295,OOB,below,-115.33431200543977,2,1,95,0.054620514120965524,,0.8947368421052632
expanded_reserve_G,initial_480,93000,36,0.5,94332,SUCCESS,left,-21.073631663685184,7,3,124,0.15378242371113582,12.4,1.0
expanded_reserve_G,initial_480,93000,37,0.5,94369,COLLISION,none,,,,53,-0.0018728930818658895,,0.8113207547169812
expanded_reserve_G,initial_480,93000,38,0.5,94406,SUCCESS,left,34.31360986454279,9,4,127,0.040250080931081456,12.700000000000001,1.0
expanded_reserve_G,initial_480,93000,39,0.5,94443,SUCCESS,above,129.3279924857198,13,6,103,0.2619271307735628,10.3,1.0
expanded_reserve_G,initial_480,93000,0,1.0,93000,SUCCESS,above,103.3381677895583,12,6,104,0.08406402360149923,10.4,1.0
expanded_reserve_G,initial_480,93000,1,1.0,93037,COLLISION,none,,,,48,-0.006227162422942578,,0.7916666666666666
expanded_reserve_G,initial_480,93000,2,1.0,93074,TIMEOUT,left,41.836728727593915,9,4,250,0.16977602323910812,,1.0
expanded_reserve_G,initial_480,93000,3,1.0,93111,SUCCESS,left,41.61954659657913,9,4,104,0.01723923013273798,10.4,1.0
expanded_reserve_G,initial_480,93000,4,1.0,93148,SUCCESS,left,-10.481166922561629,7,3,105,0.010987992235890975,10.5,1.0
expanded_reserve_G,initial_480,93000,5,1.0,93185,SUCCESS,left,0.17673938732493902,8,4,118,0.09181112146874426,11.8,1.0
expanded_reserve_G,initial_480,93000,6,1.0,93222,COLLISION,none,,,,71,-0.00016780864571430687,,0.8591549295774648
expanded_reserve_G,initial_480,93000,7,1.0,93259,SUCCESS,right,163.64756411114442,15,7,111,0.09492196038978817,11.100000000000001,1.0
expanded_reserve_G,initial_480,93000,8,1.0,93296,SUCCESS,left,6.563556191796808,8,4,99,0.07414858218839199,9.9,1.0
expanded_reserve_G,initial_480,93000,9,1.0,93333,SUCCESS,left,13.812878765653238,8,4,107,0.08965149134042277,10.700000000000001,1.0
expanded_reserve_G,initial_480,93000,10,1.0,93370,SUCCESS,left,1.1109328352726444,8,4,110,0.0908795819309266,11.0,1.0
expanded_reserve_G,initial_480,93000,11,1.0,93407,COLLISION,below,-76.1145309230528,4,2,56,-0.0013848630003680529,,0.8214285714285714
expanded_reserve_G,initial_480,93000,12,1.0,93444,SUCCESS,left,39.15145022575809,9,4,134,0.06859328476202858,13.4,1.0
expanded_reserve_G,initial_480,93000,13,1.0,93481,COLLISION,none,,,,52,-0.003770470900754108,,0.8076923076923077
expanded_reserve_G,initial_480,93000,14,1.0,93518,SUCCESS,left,-36.93455679704196,6,3,114,0.035091467570885604,11.4,1.0
expanded_reserve_G,initial_480,93000,15,1.0,93555,SUCCESS,right,149.27587323612468,14,7,95,0.1046827945882643,9.5,1.0
expanded_reserve_G,initial_480,93000,16,1.0,93592,COLLISION,none,,,,52,-0.015402077186878638,,0.8076923076923077
expanded_reserve_G,initial_480,93000,17,1.0,93629,COLLISION,none,,,,65,-0.0017042590174717875,,0.8461538461538461
expanded_reserve_G,initial_480,93000,18,1.0,93666,SUCCESS,above,103.01471117531598,12,6,135,0.09731854733059175,13.5,1.0
expanded_reserve_G,initial_480,93000,19,1.0,93703,SUCCESS,left,35.16987607105792,9,4,125,0.1844354284415084,12.5,1.0
expanded_reserve_G,initial_480,93000,20,1.0,93740,SUCCESS,left,-13.825231930603096,7,3,106,0.06408322618603512,10.600000000000001,1.0
expanded_reserve_G,initial_480,93000,21,1.0,93777,SUCCESS,left,-4.136171760475406,7,3,112,0.22371209552070126,11.200000000000001,1.0
expanded_reserve_G,initial_480,93000,22,1.0,93814,SUCCESS,right,157.33294520415623,14,7,116,0.0753907462664406,11.600000000000001,1.0
expanded_reserve_G,initial_480,93000,23,1.0,93851,SUCCESS,left,-30.066580676883632,6,3,129,0.15907291151423153,12.9,1.0
expanded_reserve_G,initial_480,93000,24,1.0,93888,SUCCESS,above,48.15392078414925,10,5,117,0.14997899099011291,11.700000000000001,1.0
expanded_reserve_G,initial_480,93000,25,1.0,93925,SUCCESS,right,155.34154128522061,14,7,109,0.12032628798152967,10.9,1.0
expanded_reserve_G,initial_480,93000,26,1.0,93962,SUCCESS,right,-178.81915488978893,0,0,97,0.10908684298042942,9.700000000000001,1.0
expanded_reserve_G,initial_480,93000,27,1.0,93999,COLLISION,none,,,,71,-0.0016230254179588899,,0.8591549295774648
expanded_reserve_G,initial_480,93000,28,1.0,94036,COLLISION,none,,,,63,-0.011174761488726759,,0.8412698412698413
expanded_reserve_G,initial_480,93000,29,1.0,94073,TIMEOUT,left,-26.769683499860445,6,3,250,0.01626312292814691,,1.0
expanded_reserve_G,initial_480,93000,30,1.0,94110,SUCCESS,left,6.728702969331627,8,4,121,0.08248060731514212,12.100000000000001,1.0
expanded_reserve_G,initial_480,93000,31,1.0,94147,COLLISION,none,,,,50,-0.008124004972385357,,0.8
expanded_reserve_G,initial_480,93000,32,1.0,94184,COLLISION,none,,,,49,-0.010740028540467794,,0.7959183673469388
expanded_reserve_G,initial_480,93000,33,1.0,94221,SUCCESS,right,142.8823353316824,14,7,119,0.11686497412665775,11.9,1.0
expanded_reserve_G,initial_480,93000,34,1.0,94258,COLLISION,none,,,,59,-0.004757416091030586,,0.8305084745762712
expanded_reserve_G,initial_480,93000,35,1.0,94295,SUCCESS,below,-90.33912032500936,3,1,129,0.041588926508644375,12.9,1.0
expanded_reserve_G,initial_480,93000,36,1.0,94332,SUCCESS,left,-28.001414263725657,6,3,120,0.11750580312744618,12.0,1.0
expanded_reserve_G,initial_480,93000,37,1.0,94369,COLLISION,none,,,,47,-0.006283931185552094,,0.7872340425531915
expanded_reserve_G,initial_480,93000,38,1.0,94406,COLLISION,none,,,,59,-0.003247371047050973,,0.8305084745762712
expanded_reserve_G,initial_480,93000,39,1.0,94443,SUCCESS,above,129.93082349545446,13,6,99,0.21876490813486682,9.9,1.0
expanded_reserve_G,extra_low,101000,0,0.1,101000,TIMEOUT,above,115.33287807341311,13,6,250,0.18132920924891227,,1.0
expanded_reserve_G,extra_low,101000,1,0.1,101037,SUCCESS,left,18.064971410002638,8,4,127,0.047145240062327676,12.700000000000001,0.889763779527559
expanded_reserve_G,extra_low,101000,2,0.1,101074,SUCCESS,right,135.0907133338552,14,7,107,0.11081183838789427,10.700000000000001,1.0
expanded_reserve_G,extra_low,101000,3,0.1,101111,SUCCESS,above,53.829561574163826,10,5,126,0.18249759373807795,12.600000000000001,1.0
expanded_reserve_G,extra_low,101000,4,0.1,101148,SUCCESS,left,2.5247242991802517,8,4,124,0.22485243723939707,12.4,1.0
expanded_reserve_G,extra_low,101000,5,0.1,101185,SUCCESS,above,113.05989265229448,13,6,102,0.08590274861780817,10.200000000000001,1.0
expanded_reserve_G,extra_low,101000,6,0.1,101222,SUCCESS,right,157.35764520318497,14,7,192,0.1282073141430854,19.200000000000003,1.0
expanded_reserve_G,extra_low,101000,7,0.1,101259,COLLISION,none,,,,66,-0.011891769209234071,,0.803030303030303
expanded_reserve_G,extra_low,101000,8,0.1,101296,TIMEOUT,right,172.76000149356867,15,7,250,0.10727166469523042,,1.0
expanded_reserve_G,extra_low,101000,9,0.1,101333,SUCCESS,above,124.02988739327387,13,6,119,0.1197887691056071,11.9,1.0
expanded_reserve_G,extra_low,101000,10,0.1,101370,TIMEOUT,above,118.68526532532425,13,6,250,0.2970652700603732,,1.0
expanded_reserve_G,extra_low,101000,11,0.1,101407,COLLISION,none,,,,57,-0.0003614230773362759,,0.5964912280701754
expanded_reserve_G,extra_low,101000,12,0.1,101444,SUCCESS,right,168.75230854008555,15,7,104,0.09330475627564466,10.4,0.9711538461538461
expanded_reserve_G,extra_low,101000,13,0.1,101481,TIMEOUT,right,175.40047925612006,15,7,250,0.3077167530698558,,1.0
expanded_reserve_G,extra_low,101000,14,0.1,101518,SUCCESS,right,-162.38130231947133,0,0,143,0.1628614913051495,14.3,1.0
expanded_reserve_G,extra_low,101000,15,0.1,101555,SUCCESS,above,93.47068329078397,12,6,132,0.16623656097425954,13.200000000000001,1.0
expanded_reserve_G,extra_low,101000,16,0.1,101592,SUCCESS,right,161.8252443053874,15,7,103,0.16123901226917536,10.3,1.0
expanded_reserve_G,extra_low,101000,17,0.1,101629,SUCCESS,left,19.27740094035423,8,4,101,0.22537335474188647,10.100000000000001,1.0
expanded_reserve_G,extra_low,101000,18,0.1,101666,SUCCESS,left,-26.927044865682756,6,3,122,0.2740149235726512,12.200000000000001,1.0
expanded_reserve_G,extra_low,101000,19,0.1,101703,SUCCESS,above,71.53748483748817,11,5,136,0.26012573565116925,13.600000000000001,1.0
expanded_reserve_G,extra_low,101000,20,0.1,101740,SUCCESS,left,5.648969883433396,8,4,163,0.032383399379347366,16.3,0.901840490797546
expanded_reserve_G,extra_low,101000,21,0.1,101777,TIMEOUT,above,67.5806690926974,11,5,250,0.14313211286708716,,1.0
expanded_reserve_G,extra_low,101000,22,0.1,101814,COLLISION,none,,,,67,-0.003485349389010295,,0.7910447761194029
expanded_reserve_G,extra_low,101000,23,0.1,101851,SUCCESS,left,14.660069538259878,8,4,119,0.13561287879542971,11.9,1.0
expanded_reserve_G,extra_low,101000,24,0.1,101888,COLLISION,none,,,,63,-0.0053115458763666745,,0.7619047619047619
expanded_reserve_G,extra_low,101000,25,0.1,101925,SUCCESS,right,161.06669718771937,15,7,113,0.15943235636651543,11.3,1.0
expanded_reserve_G,extra_low,101000,26,0.1,101962,COLLISION,none,,,,63,-0.0028297849321691215,,0.7777777777777778
expanded_reserve_G,extra_low,101000,27,0.1,101999,TIMEOUT,above,117.18590151374607,13,6,250,0.18746533454716607,,1.0
expanded_reserve_G,extra_low,101000,28,0.1,102036,SUCCESS,right,145.62511188799854,14,7,107,0.2005400034245216,10.700000000000001,1.0
expanded_reserve_G,extra_low,101000,29,0.1,102073,SUCCESS,above,129.92451897459816,13,6,112,0.09977094427802219,11.200000000000001,1.0
expanded_reserve_G,extra_low,101000,30,0.1,102110,SUCCESS,left,3.686785205190212,8,4,98,0.1976725674418649,9.8,1.0
expanded_reserve_G,extra_low,101000,31,0.1,102147,TIMEOUT,below,-104.71833202994961,3,1,250,0.015130440957708546,,0.976
expanded_reserve_G,extra_low,101000,32,0.1,102184,SUCCESS,right,-171.4113345145872,0,0,134,0.08348157368634934,13.4,0.9029850746268657
expanded_reserve_G,extra_low,101000,33,0.1,102221,SUCCESS,left,-8.486665927707902,7,3,110,0.03722372185645817,11.0,1.0
expanded_reserve_G,extra_low,101000,34,0.1,102258,SUCCESS,above,50.629278652789836,10,5,103,0.2183014607800292,10.3,1.0
expanded_reserve_G,extra_low,101000,35,0.1,102295,SUCCESS,left,4.905640483473647,8,4,111,0.018486072512880425,11.100000000000001,0.8198198198198198
expanded_reserve_G,extra_low,101000,36,0.1,102332,OOB,left,39.966764355040674,9,4,130,0.17260970236912976,,0.9230769230769231
expanded_reserve_G,extra_low,101000,37,0.1,102369,TIMEOUT,right,145.914684232523,14,7,250,0.11677334218484542,,0.98
expanded_reserve_G,extra_low,101000,38,0.1,102406,SUCCESS,right,170.76881495229063,15,7,228,0.034968474248572745,22.8,0.9342105263157895
expanded_reserve_G,extra_low,101000,39,0.1,102443,SUCCESS,above,47.764172981741055,10,5,121,0.08438545372208772,12.100000000000001,1.0
expanded_reserve_G,extra_low,101000,40,0.1,102480,SUCCESS,left,1.1177403823848924,8,4,119,0.07174035369772458,11.9,1.0
expanded_reserve_G,extra_low,101000,41,0.1,102517,SUCCESS,left,22.83005926206087,9,4,90,0.1041162995470083,9.0,1.0
expanded_reserve_G,extra_low,101000,42,0.1,102554,COLLISION,none,,,,57,-0.00806045145099371,,0.7368421052631579
expanded_reserve_G,extra_low,101000,43,0.1,102591,TIMEOUT,above,117.33331815163599,13,6,250,0.17889575434761606,,1.0
expanded_reserve_G,extra_low,101000,44,0.1,102628,SUCCESS,right,179.55973256247552,15,7,120,0.11257365669473424,12.0,1.0
expanded_reserve_G,extra_low,101000,45,0.1,102665,SUCCESS,left,14.698364926235147,8,4,103,0.10177994841560717,10.3,1.0
expanded_reserve_G,extra_low,101000,46,0.1,102702,SUCCESS,left,-12.020976017155105,7,3,108,0.17882570968386102,10.8,1.0
expanded_reserve_G,extra_low,101000,47,0.1,102739,SUCCESS,right,-163.55134816533658,0,0,119,0.1616693523932755,11.9,1.0
expanded_reserve_G,extra_low,101000,48,0.1,102776,SUCCESS,left,15.095635498771266,8,4,112,0.12037530193445711,11.200000000000001,1.0
expanded_reserve_G,extra_low,101000,49,0.1,102813,SUCCESS,left,16.841444930212933,8,4,104,0.16525128726326832,10.4,1.0
expanded_reserve_G,extra_low,101000,50,0.1,102850,SUCCESS,left,10.677563843813088,8,4,96,0.3305820387622824,9.600000000000001,1.0
expanded_reserve_G,extra_low,101000,51,0.1,102887,SUCCESS,left,33.893529320237775,9,4,151,0.1817454301132766,15.100000000000001,1.0
expanded_reserve_G,extra_low,101000,52,0.1,102924,SUCCESS,left,-6.490936000846643,7,3,119,0.17861838230011728,11.9,1.0
expanded_reserve_G,extra_low,101000,53,0.1,102961,TIMEOUT,right,-177.83982998456946,0,0,250,0.14061383655443155,,1.0
expanded_reserve_G,extra_low,101000,54,0.1,102998,SUCCESS,right,-177.4966346948286,0,0,143,0.21092166364240172,14.3,1.0
expanded_reserve_G,extra_low,101000,55,0.1,103035,TIMEOUT,right,138.2524699723229,14,7,250,0.16157440039108728,,1.0
expanded_reserve_G,extra_low,101000,56,0.1,103072,SUCCESS,left,-18.112834326620423,7,3,141,0.18695572212164324,14.100000000000001,1.0
expanded_reserve_G,extra_low,101000,57,0.1,103109,SUCCESS,above,48.24622022980921,10,5,100,0.08243787032286948,10.0,1.0
expanded_reserve_G,extra_low,101000,58,0.1,103146,SUCCESS,right,173.60782567889416,15,7,111,0.06067795620495253,11.100000000000001,1.0
expanded_reserve_G,extra_low,101000,59,0.1,103183,TIMEOUT,above,120.40665833466667,13,6,250,0.07246876700804078,,1.0
expanded_reserve_G,extra_low,101000,60,0.1,103220,SUCCESS,left,22.662452347305567,9,4,115,0.1832897891153824,11.5,1.0
expanded_reserve_G,extra_low,101000,61,0.1,103257,TIMEOUT,above,122.86145242435337,13,6,250,0.13956996738143584,,1.0
expanded_reserve_G,extra_low,101000,62,0.1,103294,SUCCESS,left,28.74703947113574,9,4,122,0.1334928373055394,12.200000000000001,1.0
expanded_reserve_G,extra_low,101000,63,0.1,103331,COLLISION,none,,,,52,-0.0020039471831892475,,0.5384615384615384
expanded_reserve_G,extra_low,101000,64,0.1,103368,SUCCESS,left,-1.9484163912424806,7,3,103,0.09604154862820374,10.3,1.0
expanded_reserve_G,extra_low,101000,65,0.1,103405,COLLISION,none,,,,74,-0.004501127368374103,,0.4864864864864865
expanded_reserve_G,extra_low,101000,66,0.1,103442,SUCCESS,right,140.8848483294913,14,7,139,0.11791436823378804,13.9,1.0
expanded_reserve_G,extra_low,101000,67,0.1,103479,SUCCESS,left,13.597824225323814,8,4,98,0.24409659995039223,9.8,1.0
expanded_reserve_G,extra_low,101000,68,0.1,103516,COLLISION,none,,,,51,-0.009448157707628912,,0.5686274509803921
expanded_reserve_G,extra_low,101000,69,0.1,103553,SUCCESS,left,35.59384730667281,9,4,106,0.2061877675781616,10.600000000000001,1.0
expanded_reserve_G,extra_low,101000,70,0.1,103590,SUCCESS,left,34.46137223966015,9,4,152,0.16536008275254277,15.200000000000001,1.0
expanded_reserve_G,extra_low,101000,71,0.1,103627,COLLISION,above,131.86260600827015,13,6,73,-0.002242291191866086,,0.863013698630137
expanded_reserve_G,extra_low,101000,72,0.1,103664,SUCCESS,above,121.21094649449434,13,6,117,0.08296417792587868,11.700000000000001,1.0
expanded_reserve_G,extra_low,101000,73,0.1,103701,COLLISION,none,,,,73,-0.0010035157438308961,,0.8082191780821918
expanded_reserve_G,extra_low,101000,74,0.1,103738,COLLISION,none,,,,52,-0.007767501011875233,,0.5576923076923077
expanded_reserve_G,extra_low,101000,75,0.1,103775,COLLISION,none,,,,57,-0.00283362356943595,,0.7368421052631579
expanded_reserve_G,extra_low,101000,76,0.1,103812,SUCCESS,left,-18.340866134608778,7,3,123,0.005071327457958963,12.3,1.0
expanded_reserve_G,extra_low,101000,77,0.1,103849,TIMEOUT,above,82.10654620625093,11,5,250,0.2235290129109364,,1.0
expanded_reserve_G,extra_low,101000,78,0.1,103886,SUCCESS,above,122.15741707051478,13,6,124,0.12367862394902229,12.4,1.0
expanded_reserve_G,extra_low,101000,79,0.1,103923,SUCCESS,right,-173.46507527316632,0,0,139,0.14322300707995334,13.9,1.0
expanded_reserve_G,extra_low,101000,80,0.1,103960,TIMEOUT,left,-30.44378342851877,6,3,250,0.2554030096620019,,1.0
expanded_reserve_G,extra_low,101000,81,0.1,103997,SUCCESS,left,-17.390546853106787,7,3,150,0.1043976138878836,15.0,0.9733333333333334
expanded_reserve_G,extra_low,101000,82,0.1,104034,SUCCESS,left,-19.484392155538526,7,3,142,0.10784232176645375,14.200000000000001,0.9859154929577465
expanded_reserve_G,extra_low,101000,83,0.1,104071,SUCCESS,above,66.80912572485461,10,5,120,0.22800901636484894,12.0,1.0
expanded_reserve_G,extra_low,101000,84,0.1,104108,SUCCESS,right,167.47934947709518,15,7,96,0.19833178660387318,9.600000000000001,1.0
expanded_reserve_G,extra_low,101000,85,0.1,104145,TIMEOUT,left,-1.3220097424837307,7,3,250,0.14883159128139478,,1.0
expanded_reserve_G,extra_low,101000,86,0.1,104182,SUCCESS,left,-3.0999960840881498,7,3,134,0.1484556617320315,13.4,1.0
expanded_reserve_G,extra_low,101000,87,0.1,104219,TIMEOUT,right,166.3307196244462,15,7,250,0.2120525353791255,,1.0
expanded_reserve_G,extra_low,101000,88,0.1,104256,SUCCESS,right,147.6699131002098,14,7,104,0.17250223385947872,10.4,1.0
expanded_reserve_G,extra_low,101000,89,0.1,104293,SUCCESS,left,35.33942741294294,9,4,99,0.06861910572552099,9.9,1.0
expanded_reserve_G,extra_low,101000,90,0.1,104330,SUCCESS,above,134.71086664644207,13,6,129,0.017063453188873867,12.9,0.9844961240310077
expanded_reserve_G,extra_low,101000,91,0.1,104367,TIMEOUT,left,43.29394746078614,9,4,250,0.10693561631323961,,0.96
expanded_reserve_G,extra_low,101000,92,0.1,104404,SUCCESS,left,9.384279262181005,8,4,130,0.1534741748948245,13.0,1.0
expanded_reserve_G,extra_low,101000,93,0.1,104441,SUCCESS,left,22.404962743441313,8,4,114,0.0854248654540502,11.4,1.0
expanded_reserve_G,extra_low,101000,94,0.1,104478,COLLISION,none,,,,55,-0.010955678928095625,,0.7636363636363637
expanded_reserve_G,extra_low,101000,95,0.1,104515,TIMEOUT,right,141.46415387534114,14,7,250,0.1345421828330599,,1.0
expanded_reserve_G,extra_low,101000,96,0.1,104552,SUCCESS,left,-20.61249322402392,7,3,123,0.10482801307915662,12.3,0.9105691056910569
expanded_reserve_G,extra_low,101000,97,0.1,104589,SUCCESS,left,1.0103581531772,8,4,111,0.030015363240236403,11.100000000000001,1.0
expanded_reserve_G,extra_low,101000,98,0.1,104626,SUCCESS,left,31.167760956957753,9,4,94,0.23416229874943362,9.4,1.0
expanded_reserve_G,extra_low,101000,99,0.1,104663,SUCCESS,left,-33.23957179222642,6,3,133,0.1068907245488891,13.3,1.0
expanded_reserve_G,extra_low,101000,100,0.1,104700,SUCCESS,left,18.31260241525799,8,4,122,0.08127848531096882,12.200000000000001,0.8852459016393442
expanded_reserve_G,extra_low,101000,101,0.1,104737,SUCCESS,above,57.37312002754702,10,5,124,0.13626996635063654,12.4,0.9596774193548387
expanded_reserve_G,extra_low,101000,102,0.1,104774,SUCCESS,right,135.43222580624945,14,7,127,0.22777103173503177,12.700000000000001,1.0
expanded_reserve_G,extra_low,101000,103,0.1,104811,SUCCESS,left,-8.318754334951945,7,3,112,0.20514780954856493,11.200000000000001,1.0
expanded_reserve_G,extra_low,101000,104,0.1,104848,SUCCESS,right,154.84931672781934,14,7,103,0.16472749652547813,10.3,1.0
expanded_reserve_G,extra_low,101000,105,0.1,104885,SUCCESS,right,167.65024273244518,15,7,127,0.28030718678333677,12.700000000000001,1.0
expanded_reserve_G,extra_low,101000,106,0.1,104922,SUCCESS,left,13.856959778676174,8,4,128,0.06373522621682343,12.8,0.8828125
expanded_reserve_G,extra_low,101000,107,0.1,104959,COLLISION,none,,,,64,-0.019721875129485866,,0.796875
expanded_reserve_G,extra_low,101000,108,0.1,104996,TIMEOUT,right,155.13031593390508,14,7,250,0.21242186747077219,,1.0
expanded_reserve_G,extra_low,101000,109,0.1,105033,SUCCESS,right,-162.10570571138058,0,0,107,0.2213528566479186,10.700000000000001,1.0
expanded_reserve_G,extra_low,101000,110,0.1,105070,SUCCESS,left,-32.09682862473979,6,3,142,0.17662713339982017,14.200000000000001,1.0
expanded_reserve_G,extra_low,101000,111,0.1,105107,SUCCESS,right,154.90015148812714,14,7,116,0.10464082158832744,11.600000000000001,1.0
expanded_reserve_G,extra_low,101000,112,0.1,105144,SUCCESS,left,28.06056557935234,9,4,107,0.16125894860636436,10.700000000000001,1.0
expanded_reserve_G,extra_low,101000,113,0.1,105181,TIMEOUT,above,113.42451581289711,13,6,250,0.22175568869705276,,1.0
expanded_reserve_G,extra_low,101000,114,0.1,105218,SUCCESS,left,-2.560024918291755,7,3,108,0.11117898390511172,10.8,1.0
expanded_reserve_G,extra_low,101000,115,0.1,105255,SUCCESS,left,11.043507193390214,8,4,124,0.04896561490043133,12.4,0.9112903225806451
expanded_reserve_G,extra_low,101000,116,0.1,105292,SUCCESS,left,7.951211105903812,8,4,114,0.2955506589224094,11.4,1.0
expanded_reserve_G,extra_low,101000,117,0.1,105329,SUCCESS,right,173.88861391757132,15,7,109,0.05834119774747626,10.9,0.9724770642201835
expanded_reserve_G,extra_low,101000,118,0.1,105366,SUCCESS,right,156.56786279318547,14,7,125,0.2179552461127311,12.5,1.0
expanded_reserve_G,extra_low,101000,119,0.1,105403,SUCCESS,above,120.8227839078189,13,6,102,0.1127591130906847,10.200000000000001,1.0
expanded_reserve_G,extra_low,101000,120,0.1,105440,SUCCESS,above,131.97572719677325,13,6,127,0.15335128687552002,12.700000000000001,1.0
expanded_reserve_G,extra_low,101000,121,0.1,105477,SUCCESS,left,5.254092203095193,8,4,136,0.14390383775724092,13.600000000000001,1.0
expanded_reserve_G,extra_low,101000,122,0.1,105514,SUCCESS,above,117.68505395203056,13,6,171,0.14108332583902278,17.1,1.0
expanded_reserve_G,extra_low,101000,123,0.1,105551,COLLISION,none,,,,56,-0.0012597950380935363,,0.5
expanded_reserve_G,extra_low,101000,124,0.1,105588,SUCCESS,left,32.01346892052987,9,4,120,0.15648643495994174,12.0,1.0
expanded_reserve_G,extra_low,101000,125,0.1,105625,SUCCESS,below,-74.85441471667274,4,2,118,0.09126253892457781,11.8,1.0
expanded_reserve_G,extra_low,101000,126,0.1,105662,SUCCESS,right,152.00251542885292,14,7,105,0.14980597809152973,10.5,1.0
expanded_reserve_G,extra_low,101000,127,0.1,105699,SUCCESS,left,8.560412354346852,8,4,180,0.02028216701633806,18.0,0.8777777777777778
expanded_reserve_G,extra_low,101000,128,0.1,105736,SUCCESS,right,142.17935769166388,14,7,113,0.3031035356591949,11.3,1.0
expanded_reserve_G,extra_low,101000,129,0.1,105773,OOB,below,-93.18869557898779,3,1,75,0.07596877818325559,,0.8666666666666667
expanded_reserve_G,extra_low,101000,130,0.1,105810,SUCCESS,left,18.65793732637014,8,4,123,0.1672037911386347,12.3,1.0
expanded_reserve_G,extra_low,101000,131,0.1,105847,SUCCESS,left,-6.604433398859148,7,3,131,0.17910716833167817,13.100000000000001,1.0
expanded_reserve_G,extra_low,101000,132,0.1,105884,TIMEOUT,right,176.7486229616658,15,7,250,0.21456217664244648,,1.0
expanded_reserve_G,extra_low,101000,133,0.1,105921,TIMEOUT,right,154.66542171676195,14,7,250,0.32476274804938465,,1.0
expanded_reserve_G,extra_low,101000,134,0.1,105958,SUCCESS,left,9.467510383939812,8,4,115,0.13713256286323322,11.5,1.0
expanded_reserve_G,extra_low,101000,135,0.1,105995,SUCCESS,right,163.34341293852512,15,7,170,0.118095039058847,17.0,1.0
expanded_reserve_G,extra_low,101000,136,0.1,106032,TIMEOUT,right,-176.2391808232048,0,0,250,0.19198288815229936,,1.0
expanded_reserve_G,extra_low,101000,137,0.1,106069,SUCCESS,left,-4.91015054747723,7,3,94,0.20361125133784064,9.4,1.0
expanded_reserve_G,extra_low,101000,138,0.1,106106,SUCCESS,above,51.272742396275326,10,5,135,0.18806887847260356,13.5,1.0
expanded_reserve_G,extra_low,101000,139,0.1,106143,SUCCESS,left,43.82652697194554,9,4,121,0.17678582779627816,12.100000000000001,1.0
expanded_reserve_G,extra_low,101000,140,0.1,106180,TIMEOUT,right,177.0627980465589,15,7,250,0.20229316747654447,,1.0
expanded_reserve_G,extra_low,101000,141,0.1,106217,TIMEOUT,left,-26.836563738698434,6,3,250,0.0515849011053946,,0.96
expanded_reserve_G,extra_low,101000,142,0.1,106254,SUCCESS,right,158.93243903317546,15,7,123,0.16597894307730565,12.3,1.0
expanded_reserve_G,extra_low,101000,143,0.1,106291,SUCCESS,right,137.97867803884486,14,7,119,0.2036325764346314,11.9,1.0
expanded_reserve_G,extra_low,101000,144,0.1,106328,COLLISION,none,,,,54,-0.007116748623423874,,0.6111111111111112
expanded_reserve_G,extra_low,101000,145,0.1,106365,SUCCESS,left,-2.7839272281451306,7,3,160,0.061448855092809285,16.0,1.0
expanded_reserve_G,extra_low,101000,146,0.1,106402,SUCCESS,left,-5.152215978790136,7,3,158,0.17800793504390078,15.8,1.0
expanded_reserve_G,extra_low,101000,147,0.1,106439,SUCCESS,left,-6.51027436233947,7,3,136,0.22959264884294772,13.600000000000001,1.0
expanded_reserve_G,extra_low,101000,148,0.1,106476,COLLISION,none,,,,74,-0.008085325578715552,,0.8243243243243243
expanded_reserve_G,extra_low,101000,149,0.1,106513,TIMEOUT,right,135.91514627107946,14,7,250,0.10324408476298869,,0.992
expanded_reserve_G,extra_low,101000,150,0.1,106550,SUCCESS,left,10.189259828803195,8,4,112,0.10514429026128741,11.200000000000001,1.0
expanded_reserve_G,extra_low,101000,151,0.1,106587,COLLISION,none,,,,53,-0.002549715927332108,,0.6226415094339622
expanded_reserve_G,extra_low,101000,152,0.1,106624,SUCCESS,right,140.2252251261376,14,7,147,0.19863279281215052,14.700000000000001,1.0
expanded_reserve_G,extra_low,101000,153,0.1,106661,SUCCESS,left,-27.0109334164888,6,3,123,0.1961261653609122,12.3,1.0
expanded_reserve_G,extra_low,101000,154,0.1,106698,SUCCESS,right,-165.034442563143,0,0,121,0.14475899900486144,12.100000000000001,1.0
expanded_reserve_G,extra_low,101000,155,0.1,106735,COLLISION,none,,,,70,-0.0026255990181660582,,0.6857142857142857
expanded_reserve_G,extra_low,101000,156,0.1,106772,SUCCESS,right,161.9745302842484,15,7,107,0.217456614629701,10.700000000000001,1.0
expanded_reserve_G,extra_low,101000,157,0.1,106809,SUCCESS,right,137.5961349540193,14,7,107,0.17424237610778082,10.700000000000001,1.0
expanded_reserve_G,extra_low,101000,158,0.1,106846,SUCCESS,above,58.768706982498614,10,5,114,0.1660567810974677,11.4,1.0
expanded_reserve_G,extra_low,101000,159,0.1,106883,SUCCESS,left,2.1051143815577578,8,4,117,0.00457921458066457,11.700000000000001,0.8205128205128205
expanded_reserve_G,extra_low,101000,160,0.1,106920,SUCCESS,right,174.16536640213064,15,7,99,0.11889691336279695,9.9,1.0
expanded_reserve_G,extra_low,101000,161,0.1,106957,TIMEOUT,left,32.17809165624524,9,4,250,0.21191163132635338,,1.0
expanded_reserve_G,extra_low,101000,162,0.1,106994,SUCCESS,left,18.639230966580023,8,4,123,0.05340068837575296,12.3,0.8455284552845529
expanded_reserve_G,extra_low,101000,163,0.1,107031,TIMEOUT,above,103.40584295860317,12,6,250,0.31789997526878533,,1.0
expanded_reserve_G,extra_low,101000,164,0.1,107068,SUCCESS,left,-16.01627469910924,7,3,122,0.1942825684895645,12.200000000000001,1.0
expanded_reserve_G,extra_low,101000,165,0.1,107105,SUCCESS,left,14.46770342784945,8,4,122,0.09925103977455435,12.200000000000001,1.0
expanded_reserve_G,extra_low,101000,166,0.1,107142,SUCCESS,left,18.40609651555797,8,4,116,0.17076389986580476,11.600000000000001,1.0
expanded_reserve_G,extra_low,101000,167,0.1,107179,OOB,none,,,,45,0.357958798252877,,0.7777777777777778
expanded_reserve_G,extra_low,101000,168,0.1,107216,SUCCESS,left,-18.585998770053063,7,3,119,0.3304440724970499,11.9,1.0
expanded_reserve_G,extra_low,101000,169,0.1,107253,TIMEOUT,above,102.27340938416727,12,6,250,0.2273924032797887,,1.0
expanded_reserve_G,extra_low,101000,170,0.1,107290,COLLISION,none,,,,65,-0.002668238565290748,,0.8461538461538461
expanded_reserve_G,extra_low,101000,171,0.1,107327,SUCCESS,left,-16.716949357771988,7,3,126,0.06684098275049005,12.600000000000001,0.9206349206349206
expanded_reserve_G,extra_low,101000,172,0.1,107364,SUCCESS,left,36.29762482303684,9,4,120,0.13521384812562848,12.0,1.0
expanded_reserve_G,extra_low,101000,173,0.1,107401,SUCCESS,right,-171.70296685351622,0,0,133,0.08662906947037013,13.3,0.8872180451127819
expanded_reserve_G,extra_low,101000,174,0.1,107438,SUCCESS,above,80.18828857232798,11,5,128,0.04559749889586823,12.8,0.96875
expanded_reserve_G,extra_low,101000,175,0.1,107475,TIMEOUT,left,24.434882348465457,9,4,250,0.07542906513233733,,0.94
expanded_reserve_G,extra_low,101000,176,0.1,107512,OOB,none,,,,58,0.24351291269502018,,0.8275862068965517
expanded_reserve_G,extra_low,101000,177,0.1,107549,SUCCESS,left,-36.684630595427066,6,3,141,0.049391893718433055,14.100000000000001,0.8865248226950354
expanded_reserve_G,extra_low,101000,178,0.1,107586,SUCCESS,right,-161.92627125348696,0,0,100,0.07625286201157022,10.0,1.0
expanded_reserve_G,extra_low,101000,179,0.1,107623,SUCCESS,left,-15.550536127490153,7,3,133,0.03292416953604732,13.3,1.0
expanded_reserve_G,extra_low,101000,180,0.1,107660,SUCCESS,left,-29.433678540441317,6,3,128,0.2935993572652241,12.8,1.0
expanded_reserve_G,extra_low,101000,181,0.1,107697,SUCCESS,left,8.452660494364089,8,4,123,0.14283441402407304,12.3,1.0
expanded_reserve_G,extra_low,101000,182,0.1,107734,SUCCESS,right,159.44152030025785,15,7,136,0.27203721750105947,13.600000000000001,1.0
expanded_reserve_G,extra_low,101000,183,0.1,107771,SUCCESS,left,13.450606114877772,8,4,125,0.19904071739106832,12.5,1.0
expanded_reserve_G,extra_low,101000,184,0.1,107808,SUCCESS,left,-9.174865873845453,7,3,126,0.23476935934762122,12.600000000000001,1.0
expanded_reserve_G,extra_low,101000,185,0.1,107845,SUCCESS,right,148.3966463832483,14,7,227,0.16754412396549834,22.700000000000003,1.0
expanded_reserve_G,extra_low,101000,186,0.1,107882,SUCCESS,above,91.23440147118983,12,6,112,0.2640273119115848,11.200000000000001,1.0
expanded_reserve_G,extra_low,101000,187,0.1,107919,SUCCESS,right,156.49964575124812,14,7,108,0.1177145877803138,10.8,1.0
expanded_reserve_G,extra_low,101000,188,0.1,107956,SUCCESS,left,-1.0736944636863028,7,3,129,0.10863419916477413,12.9,1.0
expanded_reserve_G,extra_low,101000,189,0.1,107993,SUCCESS,above,116.83262028438934,13,6,132,0.27293664250621585,13.200000000000001,1.0
expanded_reserve_G,extra_low,101000,190,0.1,108030,SUCCESS,left,27.962880751365358,9,4,129,0.20118814732491297,12.9,1.0
expanded_reserve_G,extra_low,101000,191,0.1,108067,SUCCESS,left,-5.346102036840536,7,3,114,0.09870268904578716,11.4,1.0
expanded_reserve_G,extra_low,101000,192,0.1,108104,TIMEOUT,right,151.7819039232949,14,7,250,0.22493725466136982,,1.0
expanded_reserve_G,extra_low,101000,193,0.1,108141,SUCCESS,left,43.41412313165976,9,4,125,0.09818189045345604,12.5,0.976
expanded_reserve_G,extra_low,101000,194,0.1,108178,SUCCESS,right,178.58906864857337,15,7,115,0.16954902671960148,11.5,1.0
expanded_reserve_G,extra_low,101000,195,0.1,108215,TIMEOUT,above,111.83447671202106,12,6,250,0.11959752581338834,,1.0
expanded_reserve_G,extra_low,101000,196,0.1,108252,COLLISION,none,,,,55,-0.01524021880453097,,0.7636363636363637
expanded_reserve_G,extra_low,101000,197,0.1,108289,TIMEOUT,above,101.17321023279706,12,6,250,0.21236832240317693,,1.0
expanded_reserve_G,extra_low,101000,198,0.1,108326,SUCCESS,above,126.27908337492562,13,6,119,0.05924600565764493,11.9,1.0
expanded_reserve_G,extra_low,101000,199,0.1,108363,SUCCESS,right,-170.87920610603703,0,0,116,0.12987548341246297,11.600000000000001,1.0
expanded_reserve_G,extra_low,101000,200,0.1,108400,SUCCESS,right,-175.11844187488825,0,0,136,0.2010793834122946,13.600000000000001,1.0
expanded_reserve_G,extra_low,101000,201,0.1,108437,SUCCESS,right,162.18519353893655,15,7,171,0.2529401792945386,17.1,1.0
expanded_reserve_G,extra_low,101000,202,0.1,108474,TIMEOUT,above,114.00018371069098,13,6,250,0.1956966471071836,,1.0
expanded_reserve_G,extra_low,101000,203,0.1,108511,SUCCESS,right,157.2439495964437,14,7,106,0.208328306095795,10.600000000000001,1.0
expanded_reserve_G,extra_low,101000,204,0.1,108548,SUCCESS,right,178.65109238463197,15,7,123,0.1838955523461453,12.3,1.0
expanded_reserve_G,extra_low,101000,205,0.1,108585,COLLISION,below,-69.00667774065958,4,2,74,-0.0011686718174855337,,0.8513513513513513
expanded_reserve_G,extra_low,101000,206,0.1,108622,SUCCESS,right,149.4532906724242,14,7,121,0.0987049496630239,12.100000000000001,1.0
expanded_reserve_G,extra_low,101000,207,0.1,108659,SUCCESS,above,117.80302958103425,13,6,100,0.21429433182534252,10.0,1.0
expanded_reserve_G,extra_low,101000,208,0.1,108696,TIMEOUT,above,94.50825975484052,12,6,250,0.19959484855425735,,1.0
expanded_reserve_G,extra_low,101000,209,0.1,108733,SUCCESS,left,6.684838335551632,8,4,175,0.10821774411149415,17.5,1.0
expanded_reserve_G,extra_low,101000,210,0.1,108770,SUCCESS,right,162.76189982290998,15,7,164,0.10477660981931392,16.400000000000002,0.9207317073170732
expanded_reserve_G,extra_low,101000,211,0.1,108807,SUCCESS,left,23.583369134532926,9,4,142,0.19228933307280993,14.200000000000001,1.0
expanded_reserve_G,extra_low,101000,212,0.1,108844,SUCCESS,right,137.2413248933912,14,7,159,0.1436309139288212,15.9,1.0
expanded_reserve_G,extra_low,101000,213,0.1,108881,TIMEOUT,above,108.13417474524843,12,6,250,0.13625055050780122,,1.0
expanded_reserve_G,extra_low,101000,214,0.1,108918,OOB,none,,,,54,0.18543199769922902,,0.8148148148148148
expanded_reserve_G,extra_low,101000,215,0.1,108955,TIMEOUT,left,10.450089673189508,8,4,250,0.2115423276312448,,1.0
expanded_reserve_G,extra_low,101000,216,0.1,108992,SUCCESS,above,93.35257480114144,12,6,95,0.3196435210158656,9.5,1.0
expanded_reserve_G,extra_low,101000,217,0.1,109029,SUCCESS,left,4.596085061629293,8,4,137,0.15367762287440523,13.700000000000001,1.0
expanded_reserve_G,extra_low,101000,218,0.1,109066,COLLISION,none,,,,53,-0.001090734829503448,,0.5283018867924528
expanded_reserve_G,extra_low,101000,219,0.1,109103,COLLISION,none,,,,52,-0.001223874574567685,,0.5769230769230769
expanded_reserve_G,extra_low,101000,220,0.1,109140,SUCCESS,left,-13.452819938036871,7,3,131,0.16311584703210635,13.100000000000001,1.0
expanded_reserve_G,extra_low,101000,221,0.1,109177,SUCCESS,left,33.02281563081063,9,4,114,0.14194180413073265,11.4,1.0
expanded_reserve_G,extra_low,101000,222,0.1,109214,SUCCESS,right,158.5711781638516,15,7,151,0.24541373113373477,15.100000000000001,1.0
expanded_reserve_G,extra_low,101000,223,0.1,109251,TIMEOUT,above,66.78566241649622,10,5,250,0.03607952299352385,,0.968
expanded_reserve_G,extra_low,101000,224,0.1,109288,SUCCESS,left,5.759196333440638,8,4,109,0.15616897745027114,10.9,1.0
expanded_reserve_G,extra_low,101000,225,0.1,109325,SUCCESS,left,24.393312514787617,9,4,138,0.14329790427762085,13.8,1.0
expanded_reserve_G,extra_low,101000,226,0.1,109362,SUCCESS,left,0.07000188277515668,8,4,120,0.1034458004740128,12.0,1.0
expanded_reserve_G,extra_low,101000,227,0.1,109399,SUCCESS,above,112.58920960559136,13,6,230,0.09511975435879505,23.0,1.0
expanded_reserve_G,extra_low,101000,228,0.1,109436,SUCCESS,left,32.03165525344953,9,4,128,0.15243439625597066,12.8,1.0
expanded_reserve_G,extra_low,101000,229,0.1,109473,SUCCESS,above,112.24527738804302,12,6,102,0.2994875314273302,10.200000000000001,1.0
expanded_reserve_G,extra_low,101000,230,0.1,109510,COLLISION,none,,,,63,-0.0024430649545902905,,0.4603174603174603
expanded_reserve_G,extra_low,101000,231,0.1,109547,SUCCESS,left,1.9272045412148977,8,4,116,0.1999290780136881,11.600000000000001,1.0
expanded_reserve_G,extra_low,101000,232,0.1,109584,SUCCESS,left,9.70064547096929,8,4,130,0.11976113777697078,13.0,1.0
expanded_reserve_G,extra_low,101000,233,0.1,109621,SUCCESS,above,104.7546582183705,12,6,165,0.14049586794849256,16.5,1.0
expanded_reserve_G,extra_low,101000,234,0.1,109658,SUCCESS,left,-19.36935910062799,7,3,188,0.2037265750930869,18.8,1.0
expanded_reserve_G,extra_low,101000,235,0.1,109695,SUCCESS,left,18.067331358911215,8,4,120,0.19950248882204802,12.0,1.0
expanded_reserve_G,extra_low,101000,236,0.1,109732,SUCCESS,above,127.03410176381254,13,6,103,0.25956602392371997,10.3,1.0
expanded_reserve_G,extra_low,101000,237,0.1,109769,COLLISION,none,,,,59,-0.0060596386704872,,0.5254237288135594
expanded_reserve_G,extra_low,101000,238,0.1,109806,SUCCESS,left,-22.39327488013102,7,3,114,0.029833697379607338,11.4,1.0
expanded_reserve_G,extra_low,101000,239,0.1,109843,SUCCESS,above,112.80651952134264,13,6,116,0.22202270384734568,11.600000000000001,1.0
expanded_reserve_G,extra_low,101000,240,0.1,109880,COLLISION,none,,,,56,-0.0010956702625620762,,0.6071428571428571
expanded_reserve_G,extra_low,101000,241,0.1,109917,SUCCESS,above,112.86355443281438,13,6,112,0.054420744613903005,11.200000000000001,1.0
expanded_reserve_G,extra_low,101000,242,0.1,109954,SUCCESS,left,9.077793763403575,8,4,178,0.11573861298347593,17.8,0.9662921348314607
expanded_reserve_G,extra_low,101000,243,0.1,109991,SUCCESS,left,0.471737976966949,8,4,125,0.17819312389526054,12.5,1.0
expanded_reserve_G,extra_low,101000,244,0.1,110028,SUCCESS,right,156.21954621023414,14,7,103,0.1590286054638007,10.3,1.0
expanded_reserve_G,extra_low,101000,245,0.1,110065,COLLISION,none,,,,76,-0.012384100202405046,,0.8421052631578947
expanded_reserve_G,extra_low,101000,246,0.1,110102,SUCCESS,left,23.290629187370214,9,4,129,0.1296664204766217,12.9,1.0
expanded_reserve_G,extra_low,101000,247,0.1,110139,SUCCESS,left,11.18329652296026,8,4,114,0.14406603677936541,11.4,1.0
expanded_reserve_G,extra_low,101000,248,0.1,110176,COLLISION,none,,,,51,-0.006210962992363067,,0.5490196078431373
expanded_reserve_G,extra_low,101000,249,0.1,110213,SUCCESS,left,13.44228350908319,8,4,154,0.18352947768389294,15.4,1.0
expanded_reserve_G,extra_low,101000,250,0.1,110250,SUCCESS,below,-68.72050746693314,4,2,144,0.11840450310790812,14.4,1.0
expanded_reserve_G,extra_low,101000,251,0.1,110287,SUCCESS,left,-8.385828410998696,7,3,133,0.047586670457984814,13.3,0.9022556390977443
expanded_reserve_G,extra_low,101000,252,0.1,110324,SUCCESS,right,147.279721407907,14,7,219,0.17143979581268287,21.900000000000002,1.0
expanded_reserve_G,extra_low,101000,253,0.1,110361,TIMEOUT,above,116.24632054731507,13,6,250,0.34830931444017366,,1.0
expanded_reserve_G,extra_low,101000,254,0.1,110398,SUCCESS,left,-7.429507805168768,7,3,116,0.28518838766713206,11.600000000000001,1.0
expanded_reserve_G,extra_low,101000,255,0.1,110435,SUCCESS,above,123.24694330183358,13,6,195,0.3480841048417893,19.5,1.0
expanded_reserve_G,extra_low,101000,256,0.1,110472,SUCCESS,left,16.69754409547745,8,4,107,0.11605953301980776,10.700000000000001,1.0
expanded_reserve_G,extra_low,101000,257,0.1,110509,SUCCESS,above,92.1307646155213,12,6,129,0.3853415438813128,12.9,1.0
expanded_reserve_G,extra_low,101000,258,0.1,110546,SUCCESS,left,17.700095298876835,8,4,122,0.040333009312344736,12.200000000000001,0.8688524590163934
expanded_reserve_G,extra_low,101000,259,0.1,110583,SUCCESS,left,-27.682878416700458,6,3,133,0.15098123372566452,13.3,1.0
expanded_reserve_G,extra_low,101000,260,0.1,110620,SUCCESS,left,23.65690585956631,9,4,165,0.13308515487010725,16.5,1.0
expanded_reserve_G,extra_low,101000,261,0.1,110657,SUCCESS,right,159.92769504029923,15,7,132,0.17261794857543822,13.200000000000001,1.0
expanded_reserve_G,extra_low,101000,262,0.1,110694,SUCCESS,right,145.38270946190667,14,7,123,0.12411239648601269,12.3,1.0
expanded_reserve_G,extra_low,101000,263,0.1,110731,COLLISION,none,,,,57,-0.0004082817886256196,,0.5263157894736842
expanded_reserve_G,extra_low,101000,264,0.1,110768,SUCCESS,left,2.289704871812091,8,4,136,0.15697093903790338,13.600000000000001,1.0
expanded_reserve_G,extra_low,101000,265,0.1,110805,SUCCESS,right,163.85643718478715,15,7,110,0.26456360158428716,11.0,1.0
expanded_reserve_G,extra_low,101000,266,0.1,110842,TIMEOUT,right,152.5748843398977,14,7,250,0.22712715452246524,,1.0
expanded_reserve_G,extra_low,101000,267,0.1,110879,SUCCESS,above,101.33732736640916,12,6,127,0.25696566243832586,12.700000000000001,1.0
expanded_reserve_G,extra_low,101000,268,0.1,110916,OOB,none,,,,47,0.3173454190557802,,0.7872340425531915
expanded_reserve_G,extra_low,101000,269,0.1,110953,SUCCESS,right,165.53636495402162,15,7,130,0.10298809714080376,13.0,0.9076923076923077
expanded_reserve_G,extra_low,101000,270,0.1,110990,SUCCESS,left,-13.313009496201484,7,3,128,0.11945040888447789,12.8,1.0
expanded_reserve_G,extra_low,101000,271,0.1,111027,SUCCESS,left,39.14276352580062,9,4,115,0.257480787331938,11.5,1.0
expanded_reserve_G,extra_low,101000,272,0.1,111064,SUCCESS,above,99.6320099823236,12,6,116,0.11688510325034923,11.600000000000001,1.0
expanded_reserve_G,extra_low,101000,273,0.1,111101,SUCCESS,left,23.903237276588573,9,4,135,0.21782758744506592,13.5,1.0
expanded_reserve_G,extra_low,101000,274,0.1,111138,SUCCESS,left,22.72351749140038,9,4,132,0.1518682699729671,13.200000000000001,1.0
expanded_reserve_G,extra_low,101000,275,0.1,111175,SUCCESS,left,39.393746437703605,9,4,119,0.1615302624713314,11.9,1.0
expanded_reserve_G,extra_low,101000,276,0.1,111212,SUCCESS,left,3.2876865107214215,8,4,139,0.16871162213191382,13.9,1.0
expanded_reserve_G,extra_low,101000,277,0.1,111249,SUCCESS,left,30.05287666815211,9,4,122,0.13716681850940288,12.200000000000001,1.0
expanded_reserve_G,extra_low,101000,278,0.1,111286,SUCCESS,right,150.72028246069664,14,7,171,0.11939147391196825,17.1,1.0
expanded_reserve_G,extra_low,101000,279,0.1,111323,SUCCESS,right,166.60842666591057,15,7,130,0.20024669671348505,13.0,1.0
expanded_reserve_G,extra_low,101000,280,0.1,111360,SUCCESS,right,155.707965070277,14,7,121,0.13269446916230143,12.100000000000001,1.0
expanded_reserve_G,extra_low,101000,281,0.1,111397,SUCCESS,above,59.9535998374741,10,5,198,0.007981685542540362,19.8,0.9595959595959596
expanded_reserve_G,extra_low,101000,282,0.1,111434,SUCCESS,above,48.329506497899686,10,5,124,0.15762616649770844,12.4,1.0
expanded_reserve_G,extra_low,101000,283,0.1,111471,COLLISION,none,,,,50,-0.009575935689367876,,0.54
expanded_reserve_G,extra_low,101000,284,0.1,111508,COLLISION,none,,,,71,-0.005722808204304097,,0.7183098591549296
expanded_reserve_G,extra_low,101000,285,0.1,111545,COLLISION,none,,,,59,-0.003520018220964649,,0.7627118644067796
expanded_reserve_G,extra_low,101000,286,0.1,111582,SUCCESS,left,1.547401443431897,8,4,107,0.24633971843678049,10.700000000000001,1.0
expanded_reserve_G,extra_low,101000,287,0.1,111619,SUCCESS,right,148.7140915196044,14,7,110,0.024170950621649145,11.0,0.9454545454545454
expanded_reserve_G,extra_low,101000,288,0.1,111656,SUCCESS,left,28.08846059464787,9,4,109,0.2036609420042631,10.9,1.0
expanded_reserve_G,extra_low,101000,289,0.1,111693,OOB,none,,,,41,0.4040531333050775,,0.7560975609756098
expanded_reserve_G,extra_low,101000,290,0.1,111730,SUCCESS,right,-172.04842912920196,0,0,157,0.1814927161359866,15.700000000000001,1.0
expanded_reserve_G,extra_low,101000,291,0.1,111767,SUCCESS,right,-179.89440199520863,0,0,132,0.24793253214536537,13.200000000000001,1.0
expanded_reserve_G,extra_low,101000,292,0.1,111804,SUCCESS,above,76.95212155263529,11,5,93,0.2221917188863649,9.3,1.0
expanded_reserve_G,extra_low,101000,293,0.1,111841,SUCCESS,left,9.282900654951217,8,4,126,0.005095596272170766,12.600000000000001,0.8015873015873016
expanded_reserve_G,extra_low,101000,294,0.1,111878,SUCCESS,left,9.410701279309773,8,4,147,0.029658166006227005,14.700000000000001,0.8503401360544217
expanded_reserve_G,extra_low,101000,295,0.1,111915,SUCCESS,right,156.904363663138,14,7,108,0.06267266721297388,10.8,1.0
expanded_reserve_G,extra_low,101000,296,0.1,111952,SUCCESS,right,153.01928767294518,14,7,101,0.1513644180669802,10.100000000000001,1.0
expanded_reserve_G,extra_low,101000,297,0.1,111989,SUCCESS,left,8.835140639002324,8,4,106,0.1445731228907638,10.600000000000001,1.0
expanded_reserve_G,extra_low,101000,298,0.1,112026,SUCCESS,left,-16.92696278103541,7,3,115,0.13075050195743565,11.5,1.0
expanded_reserve_G,extra_low,101000,299,0.1,112063,COLLISION,none,,,,69,-0.006651270705801016,,0.8115942028985508
expanded_reserve_G,extra_low,101000,300,0.1,112100,COLLISION,none,,,,50,-0.003333945487708878,,0.62
expanded_reserve_G,extra_low,101000,301,0.1,112137,TIMEOUT,right,147.44898186046368,14,7,250,0.15667768081807598,,1.0
expanded_reserve_G,extra_low,101000,302,0.1,112174,SUCCESS,right,-152.17769944263486,1,0,111,0.18283984745192539,11.100000000000001,1.0
expanded_reserve_G,extra_low,101000,303,0.1,112211,SUCCESS,right,176.34241410084778,15,7,126,0.11183418885717405,12.600000000000001,1.0
expanded_reserve_G,extra_low,101000,304,0.1,112248,SUCCESS,left,11.727912403191835,8,4,108,0.22050616407553325,10.8,1.0
expanded_reserve_G,extra_low,101000,305,0.1,112285,SUCCESS,left,-20.96628869296535,7,3,140,0.1363209353953745,14.0,1.0
expanded_reserve_G,extra_low,101000,306,0.1,112322,SUCCESS,right,-165.47854685506996,0,0,121,0.10521140441122695,12.100000000000001,1.0
expanded_reserve_G,extra_low,101000,307,0.1,112359,TIMEOUT,left,9.093573642798576,8,4,250,0.13350651600991298,,1.0
expanded_reserve_G,extra_low,101000,308,0.1,112396,SUCCESS,right,176.82124977352777,15,7,121,0.13647814567330074,12.100000000000001,1.0
expanded_reserve_G,extra_low,101000,309,0.1,112433,SUCCESS,left,8.9695050453249,8,4,128,0.13078747350692005,12.8,1.0
expanded_reserve_G,extra_low,101000,310,0.1,112470,SUCCESS,above,114.6040401965707,13,6,114,0.3130058840817256,11.4,1.0
expanded_reserve_G,extra_low,101000,311,0.1,112507,SUCCESS,left,-17.124288732753683,7,3,143,0.22499119895588904,14.3,1.0
expanded_reserve_G,extra_low,101000,312,0.1,112544,COLLISION,none,,,,69,-0.0005547733305951708,,0.8115942028985508
expanded_reserve_G,extra_low,101000,313,0.1,112581,TIMEOUT,right,173.0678231357678,15,7,250,0.21987053052476668,,1.0
expanded_reserve_G,extra_low,101000,314,0.1,112618,SUCCESS,above,131.56611062883866,13,6,107,0.11760909253803525,10.700000000000001,1.0
expanded_reserve_G,extra_low,101000,315,0.1,112655,SUCCESS,left,3.664402353598944,8,4,123,0.1394718851811635,12.3,1.0
expanded_reserve_G,extra_low,101000,316,0.1,112692,SUCCESS,left,-7.555464094336674,7,3,128,0.048670573077092494,12.8,1.0
expanded_reserve_G,extra_low,101000,317,0.1,112729,SUCCESS,left,10.706463675869887,8,4,106,0.2451305741254316,10.600000000000001,1.0
expanded_reserve_G,extra_low,101000,318,0.1,112766,SUCCESS,right,158.91734446775143,15,7,136,0.09785563406284226,13.600000000000001,1.0
expanded_reserve_G,extra_low,101000,319,0.1,112803,SUCCESS,right,177.45579080424258,15,7,108,0.08087759755398805,10.8,1.0
expanded_reserve_G,extra_low,101000,320,0.1,112840,SUCCESS,right,146.08043166434632,14,7,151,0.2436966143420145,15.100000000000001,1.0
expanded_reserve_G,extra_low,101000,321,0.1,112877,SUCCESS,right,161.84918685290708,15,7,139,0.16709469437991575,13.9,1.0
expanded_reserve_G,extra_low,101000,322,0.1,112914,SUCCESS,right,150.3692122091757,14,7,115,0.08987894472601798,11.5,0.8956521739130435
expanded_reserve_G,extra_low,101000,323,0.1,112951,COLLISION,below,-106.79939567163953,3,1,65,-0.002271542661924031,,0.8461538461538461
expanded_reserve_G,extra_low,101000,324,0.1,112988,SUCCESS,left,-10.794439007738811,7,3,124,0.17807811892316994,12.4,1.0
expanded_reserve_G,extra_low,101000,325,0.1,113025,SUCCESS,left,-8.213356912402299,7,3,121,0.07963595214924124,12.100000000000001,1.0
expanded_reserve_G,extra_low,101000,326,0.1,113062,SUCCESS,above,83.03163956432026,11,5,115,0.1689041798827905,11.5,1.0
expanded_reserve_G,extra_low,101000,327,0.1,113099,TIMEOUT,above,99.28315593803751,12,6,250,0.19874143438790315,,1.0
expanded_reserve_G,extra_low,101000,328,0.1,113136,COLLISION,none,,,,49,-0.006506113035931127,,0.5510204081632653
expanded_reserve_G,extra_low,101000,329,0.1,113173,COLLISION,none,,,,60,-0.013770309585396157,,0.7666666666666667
expanded_reserve_G,extra_low,101000,330,0.1,113210,SUCCESS,below,-45.65312169103264,5,2,141,0.1728019281534915,14.100000000000001,1.0
expanded_reserve_G,extra_low,101000,331,0.1,113247,SUCCESS,above,45.20757058711218,10,5,110,0.16665611995430996,11.0,1.0
expanded_reserve_G,extra_low,101000,332,0.1,113284,SUCCESS,left,31.70364665812002,9,4,110,0.04151922958684123,11.0,0.9727272727272728
expanded_reserve_G,extra_low,101000,333,0.1,113321,SUCCESS,above,67.8554247491912,11,5,198,0.2021311355432066,19.8,1.0
expanded_reserve_G,extra_low,101000,334,0.1,113358,SUCCESS,left,-15.763658354925811,7,3,150,0.08187512375655687,15.0,0.9066666666666666
expanded_reserve_G,extra_low,101000,335,0.1,113395,TIMEOUT,right,141.87749528974467,14,7,250,0.20189409813629577,,1.0
expanded_reserve_G,extra_low,101000,336,0.1,113432,SUCCESS,above,115.78692991874257,13,6,110,0.19998430637805475,11.0,1.0
expanded_reserve_G,extra_low,101000,337,0.1,113469,SUCCESS,left,-5.479591996329718,7,3,100,0.3152710359997517,10.0,1.0
expanded_reserve_G,extra_low,101000,338,0.1,113506,SUCCESS,left,4.073147298994065,8,4,126,0.14826607408912718,12.600000000000001,1.0
expanded_reserve_G,extra_low,101000,339,0.1,113543,SUCCESS,left,5.749211774884284,8,4,118,0.1724459097765515,11.8,1.0
expanded_reserve_G,extra_low,101000,340,0.1,113580,SUCCESS,left,36.310133375385675,9,4,118,0.22110069647539488,11.8,1.0
expanded_reserve_G,extra_low,101000,341,0.1,113617,SUCCESS,above,131.93148137128287,13,6,104,0.0721799772754132,10.4,1.0
expanded_reserve_G,extra_low,101000,342,0.1,113654,SUCCESS,above,134.2604897084409,13,6,113,0.16058826397711323,11.3,1.0
expanded_reserve_G,extra_low,101000,343,0.1,113691,TIMEOUT,right,159.71892574382628,15,7,250,0.088735753066635,,1.0
expanded_reserve_G,extra_low,101000,344,0.1,113728,COLLISION,none,,,,75,-0.0031327051309035236,,0.6933333333333334
expanded_reserve_G,extra_low,101000,345,0.1,113765,COLLISION,none,,,,51,-0.009808506330896527,,0.5490196078431373
expanded_reserve_G,extra_low,101000,346,0.1,113802,SUCCESS,above,94.51279786920031,12,6,103,0.31720384182020855,10.3,1.0
expanded_reserve_G,extra_low,101000,347,0.1,113839,COLLISION,none,,,,63,-0.00588798645791333,,0.7301587301587301
expanded_reserve_G,extra_low,101000,348,0.1,113876,SUCCESS,right,165.1019404580612,15,7,126,0.048500633649147085,12.600000000000001,1.0
expanded_reserve_G,extra_low,101000,349,0.1,113913,SUCCESS,left,10.145007538725363,8,4,156,0.08270766176123634,15.600000000000001,0.9358974358974359
expanded_reserve_G,extra_low,101000,350,0.1,113950,SUCCESS,above,52.160053266863045,10,5,134,0.09456898935793201,13.4,1.0
expanded_reserve_G,extra_low,101000,351,0.1,113987,SUCCESS,left,7.081405906591089,8,4,120,0.23391301630169692,12.0,1.0
expanded_reserve_G,extra_low,101000,352,0.1,114024,COLLISION,none,,,,57,-0.0012201063296654047,,0.5964912280701754
expanded_reserve_G,extra_low,101000,353,0.1,114061,OOB,none,,,,58,0.14036673949556122,,0.8275862068965517
expanded_reserve_G,extra_low,101000,354,0.1,114098,SUCCESS,left,-23.35905306383108,6,3,169,0.1986933016332818,16.900000000000002,1.0
expanded_reserve_G,extra_low,101000,355,0.1,114135,SUCCESS,left,-1.521362610864172,7,3,138,0.12513668260222544,13.8,1.0
expanded_reserve_G,extra_low,101000,356,0.1,114172,SUCCESS,left,-7.8378208968435885,7,3,111,0.12722827039327717,11.100000000000001,1.0
expanded_reserve_G,extra_low,101000,357,0.1,114209,SUCCESS,left,10.594230995804677,8,4,126,0.24143699055327306,12.600000000000001,1.0
expanded_reserve_G,extra_low,101000,358,0.1,114246,SUCCESS,right,155.7068346947798,14,7,104,0.2241646676320771,10.4,1.0
expanded_reserve_G,extra_low,101000,359,0.1,114283,COLLISION,none,,,,54,-0.01294199468331847,,0.5555555555555556
expanded_reserve_G,extra_low,101000,360,0.1,114320,SUCCESS,left,16.883793762564252,8,4,107,0.26394610983377176,10.700000000000001,1.0
expanded_reserve_G,extra_low,101000,361,0.1,114357,COLLISION,none,,,,55,-0.006018017345581939,,0.6
expanded_reserve_G,extra_low,101000,362,0.1,114394,SUCCESS,left,29.182763236661422,9,4,128,0.07482938112525939,12.8,1.0
expanded_reserve_G,extra_low,101000,363,0.1,114431,COLLISION,none,,,,47,-0.007192559499610007,,0.5319148936170213
expanded_reserve_G,extra_low,101000,364,0.1,114468,SUCCESS,left,26.475766213840746,9,4,118,0.21334978479333777,11.8,1.0
expanded_reserve_G,extra_low,101000,365,0.1,114505,SUCCESS,right,159.54701617011887,15,7,134,0.21703542911161566,13.4,1.0
expanded_reserve_G,extra_low,101000,366,0.1,114542,COLLISION,none,,,,70,-0.0025029323230066902,,0.5285714285714286
expanded_reserve_G,extra_low,101000,367,0.1,114579,COLLISION,none,,,,69,-0.007715063825386059,,0.8260869565217391
expanded_reserve_G,extra_low,101000,368,0.1,114616,OOB,none,,,,71,0.1357686820930375,,0.8591549295774648
expanded_reserve_G,extra_low,101000,369,0.1,114653,SUCCESS,left,7.778717100101813,8,4,115,0.0793661488837713,11.5,0.9652173913043478
expanded_reserve_G,extra_low,101000,370,0.1,114690,SUCCESS,left,26.614745038839295,9,4,112,0.16389934477725254,11.200000000000001,1.0
expanded_reserve_G,extra_low,101000,371,0.1,114727,SUCCESS,above,117.89014788495778,13,6,110,0.17033408668534222,11.0,1.0
expanded_reserve_G,extra_low,101000,372,0.1,114764,SUCCESS,left,15.908156564152643,8,4,121,0.016517354022768216,12.100000000000001,0.8016528925619835
expanded_reserve_G,extra_low,101000,373,0.1,114801,COLLISION,none,,,,59,-0.0005525972962596715,,0.7627118644067796
expanded_reserve_G,extra_low,101000,374,0.1,114838,SUCCESS,left,-33.82690741241273,6,3,106,0.06169135730795927,10.600000000000001,1.0
expanded_reserve_G,extra_low,101000,375,0.1,114875,SUCCESS,left,4.876117744068444,8,4,145,0.13448536387987403,14.5,1.0
expanded_reserve_G,extra_low,101000,376,0.1,114912,SUCCESS,left,21.36014269607159,8,4,115,0.13722096455530147,11.5,1.0
expanded_reserve_G,extra_low,101000,377,0.1,114949,SUCCESS,left,37.718234153559166,9,4,121,0.20561129589422833,12.100000000000001,1.0
expanded_reserve_G,extra_low,101000,378,0.1,114986,SUCCESS,above,73.46723024376355,11,5,110,0.20380820065344485,11.0,1.0
expanded_reserve_G,extra_low,101000,379,0.1,115023,SUCCESS,left,-11.226399142145087,7,3,128,0.1308883653557178,12.8,1.0
expanded_reserve_G,extra_low,101000,380,0.1,115060,SUCCESS,right,148.08267243041695,14,7,126,0.2476342999241401,12.600000000000001,1.0
expanded_reserve_G,extra_low,101000,381,0.1,115097,SUCCESS,above,118.86966096804778,13,6,250,0.2122582018434861,25.0,1.0
expanded_reserve_G,extra_low,101000,382,0.1,115134,COLLISION,none,,,,50,-0.0019183194188869823,,0.56
expanded_reserve_G,extra_low,101000,383,0.1,115171,SUCCESS,right,151.31025889970962,14,7,144,0.26370559133324156,14.4,1.0
expanded_reserve_G,extra_low,101000,384,0.1,115208,SUCCESS,right,170.0791773753202,15,7,108,0.23496096242722708,10.8,1.0
expanded_reserve_G,extra_low,101000,385,0.1,115245,COLLISION,none,,,,56,-0.013214780295289386,,0.6785714285714286
expanded_reserve_G,extra_low,101000,386,0.1,115282,SUCCESS,left,4.524038852315037,8,4,103,0.1568070780052061,10.3,1.0
expanded_reserve_G,extra_low,101000,387,0.1,115319,SUCCESS,above,51.62468193526589,10,5,169,0.20196855211740383,16.900000000000002,1.0
expanded_reserve_G,extra_low,101000,388,0.1,115356,SUCCESS,right,179.8326971390929,15,7,133,0.05290342662431324,13.3,0.8571428571428571
expanded_reserve_G,extra_low,101000,389,0.1,115393,SUCCESS,left,7.79754165534903,8,4,129,0.247835146548671,12.9,1.0
expanded_reserve_G,extra_low,101000,390,0.1,115430,TIMEOUT,above,65.41886029368337,10,5,250,0.16300546398998872,,1.0
expanded_reserve_G,extra_low,101000,391,0.1,115467,SUCCESS,left,10.826427790970264,8,4,93,0.2290708178976889,9.3,1.0
expanded_reserve_G,extra_low,101000,392,0.1,115504,COLLISION,none,,,,52,-0.0018302317178602312,,0.5576923076923077
expanded_reserve_G,extra_low,101000,393,0.1,115541,SUCCESS,left,-21.5739571674006,7,3,106,0.2938344703136938,10.600000000000001,1.0
expanded_reserve_G,extra_low,101000,394,0.1,115578,TIMEOUT,left,-29.010115029622032,6,3,250,0.4237158011162261,,1.0
expanded_reserve_G,extra_low,101000,395,0.1,115615,SUCCESS,above,113.23166941693654,13,6,107,0.12846968628240063,10.700000000000001,1.0
expanded_reserve_G,extra_low,101000,396,0.1,115652,SUCCESS,left,-12.07141765504556,7,3,134,0.1181415148871573,13.4,1.0
expanded_reserve_G,extra_low,101000,397,0.1,115689,SUCCESS,left,40.390035478606485,9,4,149,0.12360026466365331,14.9,1.0
expanded_reserve_G,extra_low,101000,398,0.1,115726,SUCCESS,left,-0.8493212437125411,7,3,138,0.1481918929726903,13.8,1.0
expanded_reserve_G,extra_low,101000,399,0.1,115763,SUCCESS,right,164.93301032937237,15,7,108,0.238182129308528,10.8,1.0
expanded_reserve_G,extra_low,111000,0,0.3,111000,COLLISION,none,,,,49,-0.010635696504729064,,0.7755102040816326
expanded_reserve_G,extra_low,111000,1,0.3,111037,SUCCESS,right,154.08766885634193,14,7,143,0.09191455297948431,14.3,1.0
expanded_reserve_G,extra_low,111000,2,0.3,111074,TIMEOUT,above,78.72630533926055,11,5,250,0.039283515714106876,,1.0
expanded_reserve_G,extra_low,111000,3,0.3,111111,COLLISION,none,,,,52,-0.006493374600514357,,0.8076923076923077
expanded_reserve_G,extra_low,111000,4,0.3,111148,SUCCESS,left,13.962320796927036,8,4,132,0.20359872329114947,13.200000000000001,1.0
expanded_reserve_G,extra_low,111000,5,0.3,111185,SUCCESS,left,22.545528732824497,9,4,117,0.05291581143415658,11.700000000000001,1.0
expanded_reserve_G,extra_low,111000,6,0.3,111222,SUCCESS,left,-10.25984183052182,7,3,104,0.08781687630087931,10.4,1.0
expanded_reserve_G,extra_low,111000,7,0.3,111259,SUCCESS,left,4.191860582538293,8,4,135,0.08666706368847221,13.5,1.0
expanded_reserve_G,extra_low,111000,8,0.3,111296,SUCCESS,above,126.79626397101552,13,6,109,0.14321321716524205,10.9,1.0
expanded_reserve_G,extra_low,111000,9,0.3,111333,SUCCESS,above,95.98734678659133,12,6,140,0.3555786805753741,14.0,1.0
expanded_reserve_G,extra_low,111000,10,0.3,111370,TIMEOUT,left,41.243587100462854,9,4,250,0.08914477439199375,,1.0
expanded_reserve_G,extra_low,111000,11,0.3,111407,SUCCESS,left,32.899537473410554,9,4,160,0.1122970617758754,16.0,1.0
expanded_reserve_G,extra_low,111000,12,0.3,111444,SUCCESS,left,32.605201707079814,9,4,124,0.2256892628024768,12.4,1.0
expanded_reserve_G,extra_low,111000,13,0.3,111481,SUCCESS,left,10.133178990026995,8,4,122,0.10304004077957646,12.200000000000001,1.0
expanded_reserve_G,extra_low,111000,14,0.3,111518,SUCCESS,left,-13.783424010057566,7,3,118,0.19110132826230564,11.8,1.0
expanded_reserve_G,extra_low,111000,15,0.3,111555,SUCCESS,above,112.8388773296477,13,6,93,0.11044078018882031,9.3,1.0
expanded_reserve_G,extra_low,111000,16,0.3,111592,SUCCESS,left,28.745931397061355,9,4,138,0.1477393607611014,13.8,1.0
expanded_reserve_G,extra_low,111000,17,0.3,111629,SUCCESS,left,-14.407260024325174,7,3,139,0.19572519667064847,13.9,1.0
expanded_reserve_G,extra_low,111000,18,0.3,111666,SUCCESS,left,20.813362008485253,8,4,92,0.30617540014368394,9.200000000000001,1.0
expanded_reserve_G,extra_low,111000,19,0.3,111703,SUCCESS,above,118.59763087033825,13,6,103,0.07234201618703395,10.3,1.0
expanded_reserve_G,extra_low,111000,20,0.3,111740,SUCCESS,left,-26.807996111104263,6,3,131,0.24126993164470967,13.100000000000001,1.0
expanded_reserve_G,extra_low,111000,21,0.3,111777,SUCCESS,left,19.150603343103562,8,4,113,0.18163042701221865,11.3,1.0
expanded_reserve_G,extra_low,111000,22,0.3,111814,SUCCESS,left,-9.586696944292004,7,3,107,0.38176771915551666,10.700000000000001,1.0
expanded_reserve_G,extra_low,111000,23,0.3,111851,SUCCESS,left,23.91035808989289,9,4,107,0.09235532028828314,10.700000000000001,1.0
expanded_reserve_G,extra_low,111000,24,0.3,111888,SUCCESS,left,10.18314549888404,8,4,119,0.04988516257469644,11.9,1.0
expanded_reserve_G,extra_low,111000,25,0.3,111925,SUCCESS,left,-10.461273731684912,7,3,122,0.1319016539532703,12.200000000000001,1.0
expanded_reserve_G,extra_low,111000,26,0.3,111962,SUCCESS,above,89.88298682006496,11,5,164,0.1967415087604678,16.400000000000002,1.0
expanded_reserve_G,extra_low,111000,27,0.3,111999,COLLISION,none,,,,64,-0.005999555907366061,,0.84375
expanded_reserve_G,extra_low,111000,28,0.3,112036,SUCCESS,right,141.77101860274692,14,7,116,0.13686379754074735,11.600000000000001,1.0
expanded_reserve_G,extra_low,111000,29,0.3,112073,COLLISION,none,,,,70,-0.004983282969832636,,0.8571428571428571
expanded_reserve_G,extra_low,111000,30,0.3,112110,SUCCESS,right,178.01430112256887,15,7,108,0.24653726499096418,10.8,1.0
expanded_reserve_G,extra_low,111000,31,0.3,112147,SUCCESS,right,165.57377728843542,15,7,123,0.24911464493184976,12.3,1.0
expanded_reserve_G,extra_low,111000,32,0.3,112184,SUCCESS,left,18.602177048629027,8,4,120,0.04207736367090775,12.0,1.0
expanded_reserve_G,extra_low,111000,33,0.3,112221,COLLISION,none,,,,54,-0.003634474869614046,,0.8148148148148148
expanded_reserve_G,extra_low,111000,34,0.3,112258,SUCCESS,left,2.9708284468161295,8,4,126,0.18012919166854646,12.600000000000001,1.0
expanded_reserve_G,extra_low,111000,35,0.3,112295,SUCCESS,above,51.2421501640865,10,5,134,0.11300161935509423,13.4,1.0
expanded_reserve_G,extra_low,111000,36,0.3,112332,SUCCESS,left,-11.486452914544916,7,3,116,0.13839181559112612,11.600000000000001,1.0
expanded_reserve_G,extra_low,111000,37,0.3,112369,SUCCESS,above,67.7786885609119,11,5,107,0.06860968560086245,10.700000000000001,1.0
expanded_reserve_G,extra_low,111000,38,0.3,112406,SUCCESS,left,4.899791082675302,8,4,106,0.32441275748073883,10.600000000000001,1.0
expanded_reserve_G,extra_low,111000,39,0.3,112443,SUCCESS,left,12.640909698505615,8,4,152,0.05830497427008635,15.200000000000001,1.0
expanded_reserve_G,extra_low,111000,40,0.3,112480,SUCCESS,left,-0.1069982155539215,7,3,121,0.09900743791569189,12.100000000000001,1.0
expanded_reserve_G,extra_low,111000,41,0.3,112517,SUCCESS,above,91.05128918788813,12,6,94,0.10094955277121614,9.4,1.0
expanded_reserve_G,extra_low,111000,42,0.3,112554,COLLISION,none,,,,46,-0.006747321860510247,,0.782608695652174
expanded_reserve_G,extra_low,111000,43,0.3,112591,COLLISION,none,,,,57,-0.004038646141465263,,0.8070175438596491
expanded_reserve_G,extra_low,111000,44,0.3,112628,SUCCESS,right,154.9794861725447,14,7,132,0.06702225315420474,13.200000000000001,1.0
expanded_reserve_G,extra_low,111000,45,0.3,112665,SUCCESS,left,31.18517468918184,9,4,122,0.12073980776831383,12.200000000000001,1.0
expanded_reserve_G,extra_low,111000,46,0.3,112702,SUCCESS,left,7.631056528331413,8,4,123,0.10764393335382583,12.3,1.0
expanded_reserve_G,extra_low,111000,47,0.3,112739,SUCCESS,right,-179.1014593561458,0,0,118,0.13959201076050126,11.8,1.0
expanded_reserve_G,extra_low,111000,48,0.3,112776,SUCCESS,left,32.52863695883004,9,4,110,0.13044916917197247,11.0,1.0
expanded_reserve_G,extra_low,111000,49,0.3,112813,SUCCESS,left,32.63067606233431,9,4,113,0.1563224634277709,11.3,1.0
expanded_reserve_G,extra_low,111000,50,0.3,112850,SUCCESS,right,165.5804246785421,15,7,98,0.13745457522016447,9.8,1.0
expanded_reserve_G,extra_low,111000,51,0.3,112887,SUCCESS,right,151.1108747704419,14,7,137,0.06929131609385714,13.700000000000001,1.0
expanded_reserve_G,extra_low,111000,52,0.3,112924,SUCCESS,right,162.8334091285117,15,7,137,0.18597214043938992,13.700000000000001,1.0
expanded_reserve_G,extra_low,111000,53,0.3,112961,SUCCESS,left,22.04740590777739,8,4,113,0.24489346152956148,11.3,1.0
expanded_reserve_G,extra_low,111000,54,0.3,112998,TIMEOUT,above,45.227811788067825,10,5,250,0.21872256053304506,,1.0
expanded_reserve_G,extra_low,111000,55,0.3,113035,SUCCESS,left,2.7887464902939643,8,4,121,0.21336163305747635,12.100000000000001,1.0
expanded_reserve_G,extra_low,111000,56,0.3,113072,SUCCESS,left,-4.263818352426398,7,3,123,0.014700882973795348,12.3,1.0
expanded_reserve_G,extra_low,111000,57,0.3,113109,SUCCESS,left,0.04286429196918087,8,4,181,0.101530501641315,18.1,1.0
expanded_reserve_G,extra_low,111000,58,0.3,113146,SUCCESS,left,6.674577249384462,8,4,122,0.13088609173922794,12.200000000000001,1.0
expanded_reserve_G,extra_low,111000,59,0.3,113183,COLLISION,none,,,,61,-0.0015311066934706186,,0.8360655737704918
expanded_reserve_G,extra_low,111000,60,0.3,113220,SUCCESS,right,-143.98466816452068,1,0,204,0.08182637508521162,20.400000000000002,1.0
expanded_reserve_G,extra_low,111000,61,0.3,113257,SUCCESS,left,20.735970261073817,8,4,146,0.20332520522317188,14.600000000000001,1.0
expanded_reserve_G,extra_low,111000,62,0.3,113294,SUCCESS,left,-7.4065902990613015,7,3,111,0.18613694168831518,11.100000000000001,1.0
expanded_reserve_G,extra_low,111000,63,0.3,113331,SUCCESS,left,2.7123268735807997,8,4,121,0.11923551982732872,12.100000000000001,1.0
expanded_reserve_G,extra_low,111000,64,0.3,113368,SUCCESS,left,40.026032008109794,9,4,169,0.23122505113010172,16.900000000000002,1.0
expanded_reserve_G,extra_low,111000,65,0.3,113405,TIMEOUT,above,81.40608577760874,11,5,250,0.34314884392324474,,1.0
expanded_reserve_G,extra_low,111000,66,0.3,113442,COLLISION,none,,,,68,-0.003367517688491084,,0.8529411764705882
expanded_reserve_G,extra_low,111000,67,0.3,113479,SUCCESS,above,93.4631354476517,12,6,94,0.24726713644406562,9.4,1.0
expanded_reserve_G,extra_low,111000,68,0.3,113516,SUCCESS,left,12.767026989834438,8,4,144,0.09899813457140971,14.4,1.0
expanded_reserve_G,extra_low,111000,69,0.3,113553,SUCCESS,above,126.34875909898928,13,6,105,0.0927768857095459,10.5,1.0
expanded_reserve_G,extra_low,111000,70,0.3,113590,COLLISION,none,,,,63,-0.006375092917173586,,0.8412698412698413
expanded_reserve_G,extra_low,111000,71,0.3,113627,SUCCESS,right,-177.64805139977176,0,0,110,0.14549873445548533,11.0,1.0
expanded_reserve_G,extra_low,111000,72,0.3,113664,SUCCESS,left,-27.87757165501269,6,3,101,0.2217460232728986,10.100000000000001,1.0
expanded_reserve_G,extra_low,111000,73,0.3,113701,COLLISION,none,,,,53,-0.008606800427635564,,0.8113207547169812
expanded_reserve_G,extra_low,111000,74,0.3,113738,SUCCESS,right,168.58994310832304,15,7,108,0.14685788459833304,10.8,1.0
expanded_reserve_G,extra_low,111000,75,0.3,113775,SUCCESS,left,25.758699566330016,9,4,120,0.19950593664382954,12.0,1.0
expanded_reserve_G,extra_low,111000,76,0.3,113812,SUCCESS,left,1.143783041799765,8,4,156,0.11453888570783877,15.600000000000001,1.0
expanded_reserve_G,extra_low,111000,77,0.3,113849,SUCCESS,left,24.30600473669896,9,4,103,0.2803817324272262,10.3,1.0
expanded_reserve_G,extra_low,111000,78,0.3,113886,SUCCESS,left,-31.33642300005965,6,3,134,0.022846376244199662,13.4,1.0
expanded_reserve_G,extra_low,111000,79,0.3,113923,SUCCESS,left,10.943411911317723,8,4,106,0.03760962678505708,10.600000000000001,1.0
expanded_reserve_G,extra_low,111000,80,0.3,113960,SUCCESS,left,-0.09319585552058966,7,3,104,0.14666374573758978,10.4,1.0
expanded_reserve_G,extra_low,111000,81,0.3,113997,TIMEOUT,right,173.8218437453831,15,7,250,0.21762895744395494,,1.0
expanded_reserve_G,extra_low,111000,82,0.3,114034,SUCCESS,left,-20.760131634314856,7,3,104,0.21930301059478352,10.4,1.0
expanded_reserve_G,extra_low,111000,83,0.3,114071,SUCCESS,left,12.197058965078515,8,4,124,0.07096538899803112,12.4,1.0
expanded_reserve_G,extra_low,111000,84,0.3,114108,SUCCESS,left,-28.668671734798234,6,3,112,0.1775324483061934,11.200000000000001,1.0
expanded_reserve_G,extra_low,111000,85,0.3,114145,SUCCESS,left,12.755186278973627,8,4,104,0.29467041490325974,10.4,1.0
expanded_reserve_G,extra_low,111000,86,0.3,114182,SUCCESS,above,133.37640879881675,13,6,111,0.1263652944513987,11.100000000000001,1.0
expanded_reserve_G,extra_low,111000,87,0.3,114219,SUCCESS,left,-25.4524068275356,6,3,109,0.07278062001578778,10.9,1.0
expanded_reserve_G,extra_low,111000,88,0.3,114256,SUCCESS,left,33.06166768374855,9,4,115,0.041902121841735085,11.5,1.0
expanded_reserve_G,extra_low,111000,89,0.3,114293,SUCCESS,left,-44.0990549638654,6,3,126,0.29590986292909527,12.600000000000001,1.0
expanded_reserve_G,extra_low,111000,90,0.3,114330,SUCCESS,left,-12.147810219560032,7,3,105,0.2844782586218718,10.5,1.0
expanded_reserve_G,extra_low,111000,91,0.3,114367,SUCCESS,right,153.1090264060965,14,7,109,0.08136621091497731,10.9,1.0
expanded_reserve_G,extra_low,111000,92,0.3,114404,SUCCESS,left,29.083043001752927,9,4,134,0.16661505797416587,13.4,1.0
expanded_reserve_G,extra_low,111000,93,0.3,114441,SUCCESS,left,1.7965500643178445,8,4,115,0.0006648801190907716,11.5,0.8956521739130435
expanded_reserve_G,extra_low,111000,94,0.3,114478,SUCCESS,above,73.60838508043878,11,5,150,0.2634825033639542,15.0,1.0
expanded_reserve_G,extra_low,111000,95,0.3,114515,SUCCESS,right,163.7101384766451,15,7,111,0.17165597343919037,11.100000000000001,1.0
expanded_reserve_G,extra_low,111000,96,0.3,114552,COLLISION,above,129.37338598476575,13,6,99,-0.0010636725905917022,,0.898989898989899
expanded_reserve_G,extra_low,111000,97,0.3,114589,SUCCESS,above,95.68575165899172,12,6,123,0.07420080681092711,12.3,1.0
expanded_reserve_G,extra_low,111000,98,0.3,114626,SUCCESS,left,-19.197843598197316,7,3,110,0.07415546858283345,11.0,1.0
expanded_reserve_G,extra_low,111000,99,0.3,114663,COLLISION,none,,,,54,-0.0034060173764655644,,0.8148148148148148
expanded_reserve_G,extra_low,111000,100,0.3,114700,SUCCESS,left,41.87763851195503,9,4,114,0.14916058091815187,11.4,1.0
expanded_reserve_G,extra_low,111000,101,0.3,114737,SUCCESS,right,168.2905124104076,15,7,113,0.2578798216891445,11.3,1.0
expanded_reserve_G,extra_low,111000,102,0.3,114774,SUCCESS,right,157.92054463662308,15,7,113,0.12705963151478894,11.3,1.0
expanded_reserve_G,extra_low,111000,103,0.3,114811,SUCCESS,left,6.997138321885817,8,4,93,0.2483843836929427,9.3,1.0
expanded_reserve_G,extra_low,111000,104,0.3,114848,SUCCESS,right,139.28546486210487,14,7,136,0.16344902612078893,13.600000000000001,1.0
expanded_reserve_G,extra_low,111000,105,0.3,114885,SUCCESS,left,28.89331714041205,9,4,121,0.14100370283243985,12.100000000000001,1.0
expanded_reserve_G,extra_low,111000,106,0.3,114922,SUCCESS,right,178.42239090583357,15,7,117,0.22929136754558055,11.700000000000001,1.0
expanded_reserve_G,extra_low,111000,107,0.3,114959,COLLISION,none,,,,77,-0.0018663644712693106,,0.8701298701298701
expanded_reserve_G,extra_low,111000,108,0.3,114996,SUCCESS,left,11.092485496942281,8,4,96,0.2103547129106953,9.600000000000001,1.0
expanded_reserve_G,extra_low,111000,109,0.3,115033,SUCCESS,left,-15.629507057630809,7,3,103,0.1258514691330635,10.3,1.0
expanded_reserve_G,extra_low,111000,110,0.3,115070,SUCCESS,left,0.7534643419976109,8,4,119,0.024322862709730886,11.9,1.0
expanded_reserve_G,extra_low,111000,111,0.3,115107,COLLISION,none,,,,55,-0.0028385355761643694,,0.8181818181818182
expanded_reserve_G,extra_low,111000,112,0.3,115144,SUCCESS,left,21.202951305574828,8,4,139,0.12616261640676935,13.9,1.0
expanded_reserve_G,extra_low,111000,113,0.3,115181,SUCCESS,right,153.30135352394169,14,7,116,0.24892458211471813,11.600000000000001,1.0
expanded_reserve_G,extra_low,111000,114,0.3,115218,SUCCESS,above,99.75377795553196,12,6,101,0.11992230944297694,10.100000000000001,1.0
expanded_reserve_G,extra_low,111000,115,0.3,115255,SUCCESS,above,57.32370910579939,10,5,228,0.10583849251938182,22.8,1.0
expanded_reserve_G,extra_low,111000,116,0.3,115292,COLLISION,below,-62.782871922090834,5,2,72,-0.006977979999798323,,0.8611111111111112
expanded_reserve_G,extra_low,111000,117,0.3,115329,SUCCESS,left,14.694659027831758,8,4,100,0.18724630510655838,10.0,1.0
expanded_reserve_G,extra_low,111000,118,0.3,115366,SUCCESS,right,-171.4416812441897,0,0,106,0.12002728251138861,10.600000000000001,1.0
expanded_reserve_G,extra_low,111000,119,0.3,115403,SUCCESS,right,167.58583249051796,15,7,172,0.11640294669464218,17.2,1.0
expanded_reserve_G,extra_low,111000,120,0.3,115440,SUCCESS,above,48.09961475860647,10,5,113,0.11623334438471417,11.3,1.0
expanded_reserve_G,extra_low,111000,121,0.3,115477,SUCCESS,right,-174.9451958852382,0,0,107,0.02551576378931969,10.700000000000001,1.0
expanded_reserve_G,extra_low,111000,122,0.3,115514,SUCCESS,left,-0.11162423551271917,7,3,149,0.14315395747772497,14.9,1.0
expanded_reserve_G,extra_low,111000,123,0.3,115551,SUCCESS,above,114.1518620609059,13,6,170,0.31323758035344873,17.0,1.0
expanded_reserve_G,extra_low,111000,124,0.3,115588,SUCCESS,above,131.89719183465033,13,6,96,0.24632704027336072,9.600000000000001,1.0
expanded_reserve_G,extra_low,111000,125,0.3,115625,SUCCESS,right,-171.5052720058158,0,0,96,0.17627833150722239,9.600000000000001,1.0
expanded_reserve_G,extra_low,111000,126,0.3,115662,SUCCESS,left,13.604609200340176,8,4,112,0.07451006604405225,11.200000000000001,1.0
expanded_reserve_G,extra_low,111000,127,0.3,115699,COLLISION,none,,,,55,-0.002668824295718464,,0.8181818181818182
expanded_reserve_G,extra_low,111000,128,0.3,115736,OOB,none,,,,43,0.4491528649636942,,0.7674418604651163
expanded_reserve_G,extra_low,111000,129,0.3,115773,OOB,none,,,,45,0.3328688526677338,,0.7777777777777778
expanded_reserve_G,extra_low,111000,130,0.3,115810,SUCCESS,above,108.71486588072132,12,6,104,0.12947696284400378,10.4,1.0
expanded_reserve_G,extra_low,111000,131,0.3,115847,TIMEOUT,right,163.02699067009243,15,7,250,0.2610763837660063,,1.0
expanded_reserve_G,extra_low,111000,132,0.3,115884,SUCCESS,left,7.192939777719632,8,4,92,0.17153503732340847,9.200000000000001,1.0
expanded_reserve_G,extra_low,111000,133,0.3,115921,COLLISION,none,,,,61,-0.0002282429507824424,,0.8360655737704918
expanded_reserve_G,extra_low,111000,134,0.3,115958,SUCCESS,above,123.45704633895029,13,6,94,0.17677162847741223,9.4,1.0
expanded_reserve_G,extra_low,111000,135,0.3,115995,SUCCESS,above,134.2211555220574,13,6,101,0.13347293294220758,10.100000000000001,1.0
expanded_reserve_G,extra_low,111000,136,0.3,116032,SUCCESS,left,14.92986445922583,8,4,109,0.2062537969093201,10.9,1.0
expanded_reserve_G,extra_low,111000,137,0.3,116069,COLLISION,right,144.18434852568325,14,7,80,-0.004389063118510617,,0.875
expanded_reserve_G,extra_low,111000,138,0.3,116106,SUCCESS,left,-5.082938375355574,7,3,112,0.10487867516678612,11.200000000000001,1.0
expanded_reserve_G,extra_low,111000,139,0.3,116143,SUCCESS,right,175.4593955816674,15,7,126,0.03872752187589196,12.600000000000001,1.0
expanded_reserve_G,extra_low,111000,140,0.3,116180,SUCCESS,left,44.315461668419466,9,4,187,0.2369435538864032,18.7,1.0
expanded_reserve_G,extra_low,111000,141,0.3,116217,SUCCESS,left,18.94741970783963,8,4,120,0.11110703547194523,12.0,1.0
expanded_reserve_G,extra_low,111000,142,0.3,116254,SUCCESS,left,-0.9710046485428954,7,3,171,0.09407602824464006,17.1,1.0
expanded_reserve_G,extra_low,111000,143,0.3,116291,SUCCESS,above,133.53520222548738,13,6,96,0.17130948671349944,9.600000000000001,1.0
expanded_reserve_G,extra_low,111000,144,0.3,116328,SUCCESS,left,27.978655042518298,9,4,126,0.03515729603671802,12.600000000000001,1.0
expanded_reserve_G,extra_low,111000,145,0.3,116365,SUCCESS,left,-17.701282822580783,7,3,143,0.28167521787548266,14.3,1.0
expanded_reserve_G,extra_low,111000,146,0.3,116402,SUCCESS,right,153.94887509920594,14,7,130,0.23590180931794014,13.0,1.0
expanded_reserve_G,extra_low,111000,147,0.3,116439,SUCCESS,left,-5.830317388276418,7,3,129,0.05342461363353279,12.9,1.0
expanded_reserve_G,extra_low,111000,148,0.3,116476,COLLISION,none,,,,58,-0.0041231693500496935,,0.8275862068965517
expanded_reserve_G,extra_low,111000,149,0.3,116513,TIMEOUT,right,157.5358410199446,15,7,250,0.14148148506256442,,1.0
expanded_reserve_G,extra_low,111000,150,0.3,116550,SUCCESS,right,174.3846325964497,15,7,110,0.006991360783455691,11.0,1.0
expanded_reserve_G,extra_low,111000,151,0.3,116587,COLLISION,none,,,,48,-0.0005194944447142746,,0.7916666666666666
expanded_reserve_G,extra_low,111000,152,0.3,116624,COLLISION,none,,,,66,-0.012173366096758231,,0.8333333333333334
expanded_reserve_G,extra_low,111000,153,0.3,116661,SUCCESS,above,66.70959626776671,10,5,117,0.20425018855888422,11.700000000000001,1.0
expanded_reserve_G,extra_low,111000,154,0.3,116698,SUCCESS,left,20.357819399691632,8,4,117,0.26158750933886143,11.700000000000001,1.0
expanded_reserve_G,extra_low,111000,155,0.3,116735,TIMEOUT,right,137.3049982563655,14,7,250,0.199720189853126,,1.0
expanded_reserve_G,extra_low,111000,156,0.3,116772,SUCCESS,left,15.770731450660364,8,4,145,0.08019541656907753,14.5,1.0
expanded_reserve_G,extra_low,111000,157,0.3,116809,SUCCESS,left,-2.918596700600902,7,3,114,0.12341400503334032,11.4,1.0
expanded_reserve_G,extra_low,111000,158,0.3,116846,SUCCESS,right,157.89891711883502,15,7,118,0.2107204018042358,11.8,1.0
expanded_reserve_G,extra_low,111000,159,0.3,116883,TIMEOUT,right,145.06807655038386,14,7,250,0.14281818286251585,,1.0
expanded_reserve_G,extra_low,111000,160,0.3,116920,SUCCESS,right,156.39702462359463,14,7,116,0.146914813785471,11.600000000000001,1.0
expanded_reserve_G,extra_low,111000,161,0.3,116957,SUCCESS,right,-164.14970666219963,0,0,122,0.14825085834916574,12.200000000000001,1.0
expanded_reserve_G,extra_low,111000,162,0.3,116994,SUCCESS,right,159.1945233001644,15,7,139,0.1734855759203321,13.9,1.0
expanded_reserve_G,extra_low,111000,163,0.3,117031,TIMEOUT,right,153.4416618277351,14,7,250,0.05663151997463095,,1.0
expanded_reserve_G,extra_low,111000,164,0.3,117068,SUCCESS,left,7.981642902070009,8,4,106,0.19864125358038798,10.600000000000001,1.0
expanded_reserve_G,extra_low,111000,165,0.3,117105,SUCCESS,left,-3.491121079933914,7,3,161,0.1129755658670657,16.1,1.0
expanded_reserve_G,extra_low,111000,166,0.3,117142,SUCCESS,left,-17.820896992051683,7,3,113,0.016233792738607422,11.3,1.0
expanded_reserve_G,extra_low,111000,167,0.3,117179,COLLISION,none,,,,61,-7.742853018050111e-05,,0.8360655737704918
expanded_reserve_G,extra_low,111000,168,0.3,117216,SUCCESS,right,-166.54427639726597,0,0,118,0.11262643306005293,11.8,1.0
expanded_reserve_G,extra_low,111000,169,0.3,117253,SUCCESS,left,-17.40866909663417,7,3,112,0.20172337620721548,11.200000000000001,1.0
expanded_reserve_G,extra_low,111000,170,0.3,117290,COLLISION,none,,,,50,-0.0017841264168479976,,0.78
expanded_reserve_G,extra_low,111000,171,0.3,117327,SUCCESS,above,47.50461242351308,10,5,158,0.13423599853569157,15.8,1.0
expanded_reserve_G,extra_low,111000,172,0.3,117364,SUCCESS,above,47.59927103824335,10,5,136,0.13181812026864437,13.600000000000001,1.0
expanded_reserve_G,extra_low,111000,173,0.3,117401,SUCCESS,left,16.132791905867368,8,4,150,0.031574275786595385,15.0,1.0
expanded_reserve_G,extra_low,111000,174,0.3,117438,SUCCESS,right,149.66765314478354,14,7,145,0.25708067486556496,14.5,1.0
expanded_reserve_G,extra_low,111000,175,0.3,117475,OOB,none,,,,35,0.6402105180804907,,0.7142857142857143
expanded_reserve_G,extra_low,111000,176,0.3,117512,SUCCESS,right,-153.12992025077278,1,0,115,0.005445612537716027,11.5,1.0
expanded_reserve_G,extra_low,111000,177,0.3,117549,SUCCESS,left,41.452807475570395,9,4,121,0.1946442956083655,12.100000000000001,1.0
expanded_reserve_G,extra_low,111000,178,0.3,117586,SUCCESS,left,0.26165453223336504,8,4,143,0.23716951887215376,14.3,1.0
expanded_reserve_G,extra_low,111000,179,0.3,117623,SUCCESS,left,21.587354515375385,8,4,122,0.017493963757374498,12.200000000000001,1.0
expanded_reserve_G,extra_low,111000,180,0.3,117660,SUCCESS,left,40.96538826893945,9,4,108,0.08947088006754889,10.8,1.0
expanded_reserve_G,extra_low,111000,181,0.3,117697,SUCCESS,left,-4.203896674417739,7,3,114,0.03240139193145147,11.4,1.0
expanded_reserve_G,extra_low,111000,182,0.3,117734,TIMEOUT,right,139.0716304289992,14,7,250,0.12388604426153721,,1.0
expanded_reserve_G,extra_low,111000,183,0.3,117771,SUCCESS,left,29.210250143707096,9,4,171,0.013093623448919456,17.1,1.0
expanded_reserve_G,extra_low,111000,184,0.3,117808,SUCCESS,left,-7.838189938090966,7,3,110,0.047823889552872756,11.0,1.0
expanded_reserve_G,extra_low,111000,185,0.3,117845,SUCCESS,right,142.5568249697177,14,7,110,0.10277974272443141,11.0,1.0
expanded_reserve_G,extra_low,111000,186,0.3,117882,SUCCESS,left,35.10540315285982,9,4,115,0.14209699912814788,11.5,1.0
expanded_reserve_G,extra_low,111000,187,0.3,117919,SUCCESS,left,8.081108549681726,8,4,126,0.11078290670622787,12.600000000000001,1.0
expanded_reserve_G,extra_low,111000,188,0.3,117956,SUCCESS,left,42.09195410249642,9,4,162,0.12711118513996872,16.2,1.0
expanded_reserve_G,extra_low,111000,189,0.3,117993,SUCCESS,above,64.9709624140668,10,5,112,0.1439618853230349,11.200000000000001,1.0
expanded_reserve_G,extra_low,111000,190,0.3,118030,COLLISION,none,,,,58,-0.00520751529241259,,0.8275862068965517
expanded_reserve_G,extra_low,111000,191,0.3,118067,SUCCESS,right,167.52627166168497,15,7,126,0.1747007110206117,12.600000000000001,1.0
expanded_reserve_G,extra_low,111000,192,0.3,118104,COLLISION,none,,,,53,-0.001969454883729238,,0.8113207547169812
expanded_reserve_G,extra_low,111000,193,0.3,118141,SUCCESS,left,18.695528234531718,8,4,122,0.28675888755144074,12.200000000000001,1.0
expanded_reserve_G,extra_low,111000,194,0.3,118178,SUCCESS,below,-102.23645060980098,3,1,135,0.029729299690165634,13.5,1.0
expanded_reserve_G,extra_low,111000,195,0.3,118215,SUCCESS,left,36.3778720243416,9,4,99,0.1792415877795357,9.9,1.0
expanded_reserve_G,extra_low,111000,196,0.3,118252,SUCCESS,left,25.892778652027026,9,4,110,0.06959508802383818,11.0,1.0
expanded_reserve_G,extra_low,111000,197,0.3,118289,SUCCESS,left,30.987094383199047,9,4,114,0.06492686707858297,11.4,1.0
expanded_reserve_G,extra_low,111000,198,0.3,118326,SUCCESS,above,46.58493551420009,10,5,131,0.04678095478446681,13.100000000000001,1.0
expanded_reserve_G,extra_low,111000,199,0.3,118363,SUCCESS,left,11.480722319426519,8,4,117,0.15498669576319446,11.700000000000001,1.0
expanded_reserve_G,extra_low,111000,200,0.3,118400,SUCCESS,left,3.7318836985916963,8,4,134,0.09684161972596611,13.4,1.0
expanded_reserve_G,extra_low,111000,201,0.3,118437,SUCCESS,left,-22.83706774732777,6,3,130,0.12708533297790398,13.0,1.0
expanded_reserve_G,extra_low,111000,202,0.3,118474,SUCCESS,left,23.560601322270337,9,4,107,0.07291780097014561,10.700000000000001,1.0
expanded_reserve_G,extra_low,111000,203,0.3,118511,TIMEOUT,above,120.40207188843127,13,6,250,0.17281854959009413,,1.0
expanded_reserve_G,extra_low,111000,204,0.3,118548,SUCCESS,left,27.0585388233315,9,4,104,0.10343434181516015,10.4,1.0
expanded_reserve_G,extra_low,111000,205,0.3,118585,SUCCESS,above,123.8607036334417,13,6,114,0.14734662088124661,11.4,1.0
expanded_reserve_G,extra_low,111000,206,0.3,118622,SUCCESS,above,119.7178866090027,13,6,106,0.1268483280325854,10.600000000000001,1.0
expanded_reserve_G,extra_low,111000,207,0.3,118659,SUCCESS,left,17.565679899107824,8,4,116,0.14180501670403733,11.600000000000001,1.0
expanded_reserve_G,extra_low,111000,208,0.3,118696,SUCCESS,left,4.511171637960665,8,4,122,0.17141877707767383,12.200000000000001,1.0
expanded_reserve_G,extra_low,111000,209,0.3,118733,SUCCESS,left,-13.34399858858125,7,3,114,0.039955033278274266,11.4,1.0
expanded_reserve_G,extra_low,111000,210,0.3,118770,SUCCESS,right,160.93977121506796,15,7,108,0.12039162699874018,10.8,1.0
expanded_reserve_G,extra_low,111000,211,0.3,118807,SUCCESS,right,165.80964646064083,15,7,136,0.1762237189907977,13.600000000000001,1.0
expanded_reserve_G,extra_low,111000,212,0.3,118844,SUCCESS,right,170.0954177865786,15,7,134,0.1764578054334921,13.4,1.0
expanded_reserve_G,extra_low,111000,213,0.3,118881,SUCCESS,left,34.22214478335643,9,4,125,0.20009565832869314,12.5,1.0
expanded_reserve_G,extra_low,111000,214,0.3,118918,SUCCESS,below,-66.71044235485334,5,2,120,0.03708881388470031,12.0,1.0
expanded_reserve_G,extra_low,111000,215,0.3,118955,COLLISION,none,,,,51,-0.00029451537300001496,,0.803921568627451
expanded_reserve_G,extra_low,111000,216,0.3,118992,SUCCESS,left,-1.4636191968022951,7,3,112,0.09874677805224769,11.200000000000001,1.0
expanded_reserve_G,extra_low,111000,217,0.3,119029,SUCCESS,above,46.04559447683006,10,5,137,0.2050981237780335,13.700000000000001,1.0
expanded_reserve_G,extra_low,111000,218,0.3,119066,SUCCESS,above,60.14550852554447,10,5,109,0.20234437101116598,10.9,1.0
expanded_reserve_G,extra_low,111000,219,0.3,119103,SUCCESS,right,-170.46480164352465,0,0,112,0.11815824068368497,11.200000000000001,1.0
expanded_reserve_G,extra_low,111000,220,0.3,119140,SUCCESS,left,30.324331670390137,9,4,112,0.1842677286841109,11.200000000000001,1.0
expanded_reserve_G,extra_low,111000,221,0.3,119177,SUCCESS,above,46.40412347846903,10,5,245,0.19032553294646348,24.5,1.0
expanded_reserve_G,extra_low,111000,222,0.3,119214,COLLISION,none,,,,64,-0.007047152798829948,,0.84375
expanded_reserve_G,extra_low,111000,223,0.3,119251,SUCCESS,above,127.00092270723017,13,6,168,0.20704737334345757,16.8,1.0
expanded_reserve_G,extra_low,111000,224,0.3,119288,SUCCESS,right,-164.75779164953053,0,0,116,0.11952417042546654,11.600000000000001,1.0
expanded_reserve_G,extra_low,111000,225,0.3,119325,SUCCESS,left,8.899885536276836,8,4,114,0.2607200043304837,11.4,1.0
expanded_reserve_G,extra_low,111000,226,0.3,119362,SUCCESS,above,119.97843909148247,13,6,126,0.23860231806329535,12.600000000000001,1.0
expanded_reserve_G,extra_low,111000,227,0.3,119399,SUCCESS,right,177.56326506080876,15,7,159,0.08057293817968103,15.9,1.0
expanded_reserve_G,extra_low,111000,228,0.3,119436,SUCCESS,left,14.420759899880652,8,4,116,0.1368984102627449,11.600000000000001,1.0
expanded_reserve_G,extra_low,111000,229,0.3,119473,SUCCESS,right,162.0590935287762,15,7,123,0.18979567877514458,12.3,1.0
expanded_reserve_G,extra_low,111000,230,0.3,119510,SUCCESS,left,4.9995125461635395,8,4,168,0.04255808978986253,16.8,1.0
expanded_reserve_G,extra_low,111000,231,0.3,119547,SUCCESS,left,-15.586932806449457,7,3,108,0.2079162216523558,10.8,1.0
expanded_reserve_G,extra_low,111000,232,0.3,119584,SUCCESS,right,147.01094116424045,14,7,107,0.2742111571615222,10.700000000000001,1.0
expanded_reserve_G,extra_low,111000,233,0.3,119621,SUCCESS,above,92.10213399491357,12,6,113,0.10888548388070318,11.3,1.0
expanded_reserve_G,extra_low,111000,234,0.3,119658,SUCCESS,left,16.824430851721143,8,4,108,0.07053084151293137,10.8,1.0
expanded_reserve_G,extra_low,111000,235,0.3,119695,SUCCESS,below,-94.74285803263886,3,1,170,0.08322013772866521,17.0,1.0
expanded_reserve_G,extra_low,111000,236,0.3,119732,COLLISION,none,,,,53,-0.005769703935749326,,0.8113207547169812
expanded_reserve_G,extra_low,111000,237,0.3,119769,COLLISION,none,,,,63,-0.005780614037200482,,0.8253968253968254
expanded_reserve_G,extra_low,111000,238,0.3,119806,SUCCESS,left,20.64456981568999,8,4,92,0.28973166984822063,9.200000000000001,1.0
expanded_reserve_G,extra_low,111000,239,0.3,119843,SUCCESS,right,176.04462992991944,15,7,107,0.10525471737879799,10.700000000000001,1.0
expanded_reserve_G,extra_low,111000,240,0.3,119880,TIMEOUT,left,-28.41673553396371,6,3,250,0.3253102965227733,,1.0
expanded_reserve_G,extra_low,111000,241,0.3,119917,SUCCESS,above,54.51426734649585,10,5,185,0.20481308274981558,18.5,1.0
expanded_reserve_G,extra_low,111000,242,0.3,119954,COLLISION,none,,,,59,-0.004592707830372911,,0.8135593220338984
expanded_reserve_G,extra_low,111000,243,0.3,119991,COLLISION,above,125.16842611476602,13,6,84,-0.0007623243026640969,,0.8809523809523809
expanded_reserve_G,extra_low,111000,244,0.3,120028,COLLISION,none,,,,73,-0.0017986412268981566,,0.863013698630137
expanded_reserve_G,extra_low,111000,245,0.3,120065,TIMEOUT,left,-8.179260174015031,7,3,250,0.08835631659819865,,1.0
expanded_reserve_G,extra_low,111000,246,0.3,120102,SUCCESS,left,11.065625741665777,8,4,112,0.19240444827148118,11.200000000000001,1.0
expanded_reserve_G,extra_low,111000,247,0.3,120139,SUCCESS,left,-2.43654993399121,7,3,121,0.018499593737836384,12.100000000000001,1.0
expanded_reserve_G,extra_low,111000,248,0.3,120176,SUCCESS,above,63.772757355936726,10,5,155,0.2439579469236558,15.5,1.0
expanded_reserve_G,extra_low,111000,249,0.3,120213,SUCCESS,left,32.35961567478148,9,4,98,0.18352562240289216,9.8,1.0
expanded_reserve_G,extra_low,111000,250,0.3,120250,SUCCESS,right,162.6971710082522,15,7,142,0.2876716770640293,14.200000000000001,1.0
expanded_reserve_G,extra_low,111000,251,0.3,120287,COLLISION,none,,,,55,-0.00156514765494975,,0.8181818181818182
expanded_reserve_G,extra_low,111000,252,0.3,120324,SUCCESS,left,18.279794116999657,8,4,137,0.13998082512013577,13.700000000000001,1.0
expanded_reserve_G,extra_low,111000,253,0.3,120361,SUCCESS,left,-20.358476758230047,7,3,173,0.2892944444549568,17.3,1.0
expanded_reserve_G,extra_low,111000,254,0.3,120398,SUCCESS,left,26.397816084126244,9,4,100,0.25469148740478453,10.0,1.0
expanded_reserve_G,extra_low,111000,255,0.3,120435,SUCCESS,left,39.8211677582841,9,4,113,0.10977074606188547,11.3,1.0
expanded_reserve_G,extra_low,111000,256,0.3,120472,SUCCESS,left,-2.379413033977569,7,3,94,0.19099214880642412,9.4,1.0
expanded_reserve_G,extra_low,111000,257,0.3,120509,COLLISION,none,,,,71,-0.0063604903513896915,,0.8591549295774648
expanded_reserve_G,extra_low,111000,258,0.3,120546,SUCCESS,right,163.90395762218134,15,7,107,0.006632823922000097,10.700000000000001,1.0
expanded_reserve_G,extra_low,111000,259,0.3,120583,COLLISION,above,95.44351751469345,12,6,62,-0.0010343795102094044,,0.8225806451612904
expanded_reserve_G,extra_low,111000,260,0.3,120620,SUCCESS,above,129.7827399072023,13,6,94,0.08404656164848512,9.4,1.0
expanded_reserve_G,extra_low,111000,261,0.3,120657,SUCCESS,above,124.05954989208495,13,6,108,0.10089848278442792,10.8,1.0
expanded_reserve_G,extra_low,111000,262,0.3,120694,COLLISION,none,,,,50,-0.0019298551554950416,,0.8
expanded_reserve_G,extra_low,111000,263,0.3,120731,SUCCESS,left,25.72156771350413,9,4,97,0.20638403029969588,9.700000000000001,1.0
expanded_reserve_G,extra_low,111000,264,0.3,120768,COLLISION,none,,,,57,-0.002100802700894633,,0.8245614035087719
expanded_reserve_G,extra_low,111000,265,0.3,120805,SUCCESS,left,10.527856355269696,8,4,125,0.053086393640527696,12.5,1.0
expanded_reserve_G,extra_low,111000,266,0.3,120842,SUCCESS,left,28.004891928012466,9,4,131,0.20137726254282562,13.100000000000001,1.0
expanded_reserve_G,extra_low,111000,267,0.3,120879,TIMEOUT,right,172.3582643978227,15,7,250,0.19596471179878616,,1.0
expanded_reserve_G,extra_low,111000,268,0.3,120916,COLLISION,none,,,,59,-0.011041190491838715,,0.8305084745762712
expanded_reserve_G,extra_low,111000,269,0.3,120953,SUCCESS,left,17.99856828681014,8,4,106,0.13085520568763037,10.600000000000001,1.0
expanded_reserve_G,extra_low,111000,270,0.3,120990,SUCCESS,left,17.223849267642493,8,4,140,0.05280416289372525,14.0,1.0
expanded_reserve_G,extra_low,111000,271,0.3,121027,SUCCESS,above,84.19318435846776,11,5,136,0.05691172875405176,13.600000000000001,1.0
expanded_reserve_G,extra_low,111000,272,0.3,121064,COLLISION,none,,,,49,-0.0014457083104161272,,0.7959183673469388
expanded_reserve_G,extra_low,111000,273,0.3,121101,TIMEOUT,above,123.56153565590357,13,6,250,0.04620630852315577,,1.0
expanded_reserve_G,extra_low,111000,274,0.3,121138,SUCCESS,above,50.79847835093026,10,5,120,0.1653590544792337,12.0,1.0
expanded_reserve_G,extra_low,111000,275,0.3,121175,SUCCESS,right,150.93148693024108,14,7,141,0.1711829763325532,14.100000000000001,1.0
expanded_reserve_G,extra_low,111000,276,0.3,121212,SUCCESS,left,-3.572868156015977,7,3,172,0.2326386428290249,17.2,1.0
expanded_reserve_G,extra_low,111000,277,0.3,121249,COLLISION,none,,,,64,-0.0043081100761878655,,0.84375
expanded_reserve_G,extra_low,111000,278,0.3,121286,SUCCESS,left,0.5231208127220386,8,4,99,0.131476843941304,9.9,1.0
expanded_reserve_G,extra_low,111000,279,0.3,121323,SUCCESS,left,27.163019196268326,9,4,115,0.10306759030586804,11.5,1.0
expanded_reserve_G,extra_low,111000,280,0.3,121360,SUCCESS,right,158.48408374500707,15,7,111,0.21798508939942196,11.100000000000001,1.0
expanded_reserve_G,extra_low,111000,281,0.3,121397,COLLISION,none,,,,55,-0.004376764866073746,,0.8181818181818182
expanded_reserve_G,extra_low,111000,282,0.3,121434,TIMEOUT,above,95.50757824634775,12,6,250,0.27155687786932314,,1.0
expanded_reserve_G,extra_low,111000,283,0.3,121471,COLLISION,none,,,,72,-0.0033087763287397154,,0.8611111111111112
expanded_reserve_G,extra_low,111000,284,0.3,121508,COLLISION,none,,,,48,-0.0017979419469905111,,0.7916666666666666
expanded_reserve_G,extra_low,111000,285,0.3,121545,SUCCESS,left,18.649400263442885,8,4,140,0.14225253060263698,14.0,1.0
expanded_reserve_G,extra_low,111000,286,0.3,121582,SUCCESS,left,22.85329503720994,9,4,105,0.20853935591253592,10.5,1.0
expanded_reserve_G,extra_low,111000,287,0.3,121619,SUCCESS,left,43.15663985300476,9,4,125,0.06984927421527487,12.5,1.0
expanded_reserve_G,extra_low,111000,288,0.3,121656,SUCCESS,left,26.673432531712685,9,4,111,0.06783858936708703,11.100000000000001,1.0
expanded_reserve_G,extra_low,111000,289,0.3,121693,TIMEOUT,left,43.71683899033699,9,4,250,0.05346044673268541,,1.0
expanded_reserve_G,extra_low,111000,290,0.3,121730,SUCCESS,left,16.199582215834187,8,4,112,0.11117086555060535,11.200000000000001,1.0
expanded_reserve_G,extra_low,111000,291,0.3,121767,SUCCESS,left,-24.561377753737613,6,3,132,0.057658441539934824,13.200000000000001,1.0
expanded_reserve_G,extra_low,111000,292,0.3,121804,TIMEOUT,right,144.49796828942246,14,7,250,0.1454093707584017,,1.0
expanded_reserve_G,extra_low,111000,293,0.3,121841,SUCCESS,left,19.018403275848673,8,4,98,0.09338207086702166,9.8,1.0
expanded_reserve_G,extra_low,111000,294,0.3,121878,SUCCESS,above,114.6614064007389,13,6,100,0.16447263771117882,10.0,1.0
expanded_reserve_G,extra_low,111000,295,0.3,121915,SUCCESS,left,-3.49682240757835,7,3,105,0.10826870629842417,10.5,1.0
expanded_reserve_G,extra_low,111000,296,0.3,121952,COLLISION,none,,,,53,-0.0025821378252662286,,0.7924528301886793
expanded_reserve_G,extra_low,111000,297,0.3,121989,TIMEOUT,left,29.5106360938955,9,4,250,0.10634560645905156,,1.0
expanded_reserve_G,extra_low,111000,298,0.3,122026,COLLISION,none,,,,60,-0.004146696901497993,,0.8166666666666667
expanded_reserve_G,extra_low,111000,299,0.3,122063,COLLISION,none,,,,55,-0.0011553147177911227,,0.8181818181818182
expanded_reserve_G,extra_low,111000,300,0.3,122100,SUCCESS,left,-17.87848132990629,7,3,117,0.3778951790080073,11.700000000000001,1.0
expanded_reserve_G,extra_low,111000,301,0.3,122137,SUCCESS,left,25.724822895465596,9,4,99,0.1475959498364282,9.9,1.0
expanded_reserve_G,extra_low,111000,302,0.3,122174,SUCCESS,left,-31.368215270359297,6,3,138,0.07920281962608561,13.8,1.0
expanded_reserve_G,extra_low,111000,303,0.3,122211,SUCCESS,left,17.264496835660246,8,4,117,0.22025051438751497,11.700000000000001,1.0
expanded_reserve_G,extra_low,111000,304,0.3,122248,COLLISION,none,,,,63,-0.0018428150431963886,,0.8412698412698413
expanded_reserve_G,extra_low,111000,305,0.3,122285,TIMEOUT,above,91.02899434088732,12,6,250,0.2263095174633969,,1.0
expanded_reserve_G,extra_low,111000,306,0.3,122322,SUCCESS,left,22.38696991274759,8,4,112,0.07649894561023912,11.200000000000001,1.0
expanded_reserve_G,extra_low,111000,307,0.3,122359,COLLISION,none,,,,56,-0.0029957124036729676,,0.8214285714285714
expanded_reserve_G,extra_low,111000,308,0.3,122396,SUCCESS,left,-2.241065939683357,7,3,117,0.022030093393116457,11.700000000000001,1.0
expanded_reserve_G,extra_low,111000,309,0.3,122433,TIMEOUT,left,-9.522851920092492,7,3,250,0.23336865983778166,,1.0
expanded_reserve_G,extra_low,111000,310,0.3,122470,SUCCESS,left,24.751074314768953,9,4,135,0.12173849379173285,13.5,1.0
expanded_reserve_G,extra_low,111000,311,0.3,122507,SUCCESS,left,16.028817044238302,8,4,124,0.16834505796029653,12.4,1.0
expanded_reserve_G,extra_low,111000,312,0.3,122544,SUCCESS,right,152.68776211003578,14,7,124,0.0624052447612472,12.4,1.0
expanded_reserve_G,extra_low,111000,313,0.3,122581,COLLISION,none,,,,64,-0.012914748407470533,,0.84375
expanded_reserve_G,extra_low,111000,314,0.3,122618,TIMEOUT,above,105.2306268761915,12,6,250,0.2765542508092643,,1.0
expanded_reserve_G,extra_low,111000,315,0.3,122655,SUCCESS,right,136.26378677064778,14,7,126,0.1825789502657329,12.600000000000001,1.0
expanded_reserve_G,extra_low,111000,316,0.3,122692,SUCCESS,left,33.960589459742856,9,4,131,0.1282723763802553,13.100000000000001,1.0
expanded_reserve_G,extra_low,111000,317,0.3,122729,SUCCESS,right,177.54555546256063,15,7,140,0.22630800579320154,14.0,1.0
expanded_reserve_G,extra_low,111000,318,0.3,122766,SUCCESS,left,2.2648999757174524,8,4,124,0.23002178807132578,12.4,1.0
expanded_reserve_G,extra_low,111000,319,0.3,122803,COLLISION,none,,,,68,-0.0008371485651127442,,0.8529411764705882
expanded_reserve_G,extra_low,111000,320,0.3,122840,SUCCESS,left,10.653539282258448,8,4,125,0.14138117713860648,12.5,1.0
expanded_reserve_G,extra_low,111000,321,0.3,122877,SUCCESS,left,-3.9498027549446055,7,3,122,0.12983870284890525,12.200000000000001,1.0
expanded_reserve_G,extra_low,111000,322,0.3,122914,SUCCESS,left,1.051576541465166,8,4,114,0.0713199478429023,11.4,1.0
expanded_reserve_G,extra_low,111000,323,0.3,122951,TIMEOUT,above,58.3309168237776,10,5,250,0.09256916516022906,,1.0
expanded_reserve_G,extra_low,111000,324,0.3,122988,TIMEOUT,above,125.01576314787793,13,6,250,0.08818418094381825,,1.0
expanded_reserve_G,extra_low,111000,325,0.3,123025,COLLISION,none,,,,56,-0.010333677543026054,,0.8214285714285714
expanded_reserve_G,extra_low,111000,326,0.3,123062,SUCCESS,left,0.867293378656263,8,4,124,0.149852676224002,12.4,1.0
expanded_reserve_G,extra_low,111000,327,0.3,123099,SUCCESS,above,60.43581712401136,10,5,125,0.139641966118844,12.5,1.0
expanded_reserve_G,extra_low,111000,328,0.3,123136,SUCCESS,left,-0.029923606646760966,7,3,123,0.06584832690105591,12.3,1.0
expanded_reserve_G,extra_low,111000,329,0.3,123173,SUCCESS,left,32.26216065771612,9,4,102,0.27231567353603536,10.200000000000001,1.0
expanded_reserve_G,extra_low,111000,330,0.3,123210,SUCCESS,left,20.623056187842035,8,4,143,0.1784752415066817,14.3,1.0
expanded_reserve_G,extra_low,111000,331,0.3,123247,SUCCESS,left,-13.680920254454042,7,3,100,0.26262233611304764,10.0,1.0
expanded_reserve_G,extra_low,111000,332,0.3,123284,SUCCESS,left,-10.80344935343138,7,3,113,0.1660388084958221,11.3,1.0
expanded_reserve_G,extra_low,111000,333,0.3,123321,SUCCESS,right,-169.93107444549034,0,0,112,0.14895011693691929,11.200000000000001,1.0
expanded_reserve_G,extra_low,111000,334,0.3,123358,SUCCESS,left,-10.544205379845273,7,3,132,0.11274421777414195,13.200000000000001,1.0
expanded_reserve_G,extra_low,111000,335,0.3,123395,SUCCESS,right,141.0544664851059,14,7,120,0.24608011001342445,12.0,1.0
expanded_reserve_G,extra_low,111000,336,0.3,123432,SUCCESS,below,-47.150002559152114,5,2,136,0.010679451489798986,13.600000000000001,1.0
expanded_reserve_G,extra_low,111000,337,0.3,123469,SUCCESS,left,8.464375347794526,8,4,120,0.23664818292780077,12.0,1.0
expanded_reserve_G,extra_low,111000,338,0.3,123506,SUCCESS,left,-0.09191465077104623,7,3,107,0.23171174195501398,10.700000000000001,1.0
expanded_reserve_G,extra_low,111000,339,0.3,123543,SUCCESS,left,-14.168506145756822,7,3,191,0.14204117365419056,19.1,1.0
expanded_reserve_G,extra_low,111000,340,0.3,123580,SUCCESS,left,7.646685460885577,8,4,116,0.10408192438253766,11.600000000000001,1.0
expanded_reserve_G,extra_low,111000,341,0.3,123617,SUCCESS,above,118.47560197824025,13,6,139,0.18248102478780703,13.9,1.0
expanded_reserve_G,extra_low,111000,342,0.3,123654,SUCCESS,right,142.55223543326346,14,7,106,0.08146094679781668,10.600000000000001,1.0
expanded_reserve_G,extra_low,111000,343,0.3,123691,SUCCESS,left,-20.21877509835516,7,3,143,0.09174604785500184,14.3,1.0
expanded_reserve_G,extra_low,111000,344,0.3,123728,SUCCESS,above,93.7413720834959,12,6,121,0.2345291673109885,12.100000000000001,1.0
expanded_reserve_G,extra_low,111000,345,0.3,123765,COLLISION,none,,,,58,-0.00041930212828228397,,0.8275862068965517
expanded_reserve_G,extra_low,111000,346,0.3,123802,SUCCESS,right,179.99504770124173,15,7,126,0.11612143767786276,12.600000000000001,1.0
expanded_reserve_G,extra_low,111000,347,0.3,123839,SUCCESS,right,160.79719873666903,15,7,103,0.10053918772792697,10.3,1.0
expanded_reserve_G,extra_low,111000,348,0.3,123876,SUCCESS,left,-6.580634274005243,7,3,112,0.26880433178248897,11.200000000000001,1.0
expanded_reserve_G,extra_low,111000,349,0.3,123913,TIMEOUT,right,135.973650508467,14,7,250,0.0864213650721074,,1.0
expanded_reserve_G,extra_low,111000,350,0.3,123950,TIMEOUT,right,151.0509671560943,14,7,250,0.16761586661097994,,1.0
expanded_reserve_G,extra_low,111000,351,0.3,123987,SUCCESS,left,3.577892244640761,8,4,170,0.05055806083907105,17.0,1.0
expanded_reserve_G,extra_low,111000,352,0.3,124024,SUCCESS,above,116.93273136412581,13,6,129,0.17402604252310983,12.9,1.0
expanded_reserve_G,extra_low,111000,353,0.3,124061,SUCCESS,right,167.93797539273035,15,7,141,0.20652484762351953,14.100000000000001,1.0
expanded_reserve_G,extra_low,111000,354,0.3,124098,COLLISION,none,,,,44,-0.003754314462499353,,0.7727272727272727
expanded_reserve_G,extra_low,111000,355,0.3,124135,COLLISION,none,,,,49,-0.005066044824712568,,0.7755102040816326
expanded_reserve_G,extra_low,111000,356,0.3,124172,SUCCESS,above,79.82272325397956,11,5,134,0.15615327202283902,13.4,1.0
expanded_reserve_G,extra_low,111000,357,0.3,124209,SUCCESS,left,31.46983625137293,9,4,113,0.041133676640808026,11.3,1.0
expanded_reserve_G,extra_low,111000,358,0.3,124246,SUCCESS,above,132.77709792126038,13,6,120,0.26008122942041045,12.0,1.0
expanded_reserve_G,extra_low,111000,359,0.3,124283,SUCCESS,left,-2.262059240387154,7,3,141,0.0780951338525741,14.100000000000001,1.0
expanded_reserve_G,extra_low,111000,360,0.3,124320,COLLISION,none,,,,59,-0.005333374863678242,,0.8305084745762712
expanded_reserve_G,extra_low,111000,361,0.3,124357,SUCCESS,left,12.91278799141515,8,4,120,0.20082773713790647,12.0,1.0
expanded_reserve_G,extra_low,111000,362,0.3,124394,SUCCESS,left,23.595077917552587,9,4,119,0.17476876356240678,11.9,1.0
expanded_reserve_G,extra_low,111000,363,0.3,124431,SUCCESS,left,-3.93498366557796,7,3,117,0.16289631045621067,11.700000000000001,1.0
expanded_reserve_G,extra_low,111000,364,0.3,124468,SUCCESS,left,-15.195415960910983,7,3,109,0.07247088772192728,10.9,1.0
expanded_reserve_G,extra_low,111000,365,0.3,124505,SUCCESS,left,12.25376420009615,8,4,116,0.11563138916482774,11.600000000000001,1.0
expanded_reserve_G,extra_low,111000,366,0.3,124542,SUCCESS,right,164.06388673680252,15,7,92,0.1942549532985396,9.200000000000001,1.0
expanded_reserve_G,extra_low,111000,367,0.3,124579,SUCCESS,above,108.9261045028714,12,6,151,0.04025206009028259,15.100000000000001,1.0
expanded_reserve_G,extra_low,111000,368,0.3,124616,SUCCESS,right,165.40249546555694,15,7,155,0.1336473563926353,15.5,1.0
expanded_reserve_G,extra_low,111000,369,0.3,124653,SUCCESS,left,-16.658677970228876,7,3,134,0.15717416725102717,13.4,1.0
expanded_reserve_G,extra_low,111000,370,0.3,124690,SUCCESS,left,13.138424292548082,8,4,160,0.051737884719844085,16.0,1.0
expanded_reserve_G,extra_low,111000,371,0.3,124727,SUCCESS,above,94.03680666211693,12,6,132,0.20168882814960687,13.200000000000001,1.0
expanded_reserve_G,extra_low,111000,372,0.3,124764,SUCCESS,right,152.3374230349605,14,7,111,0.05180542352705553,11.100000000000001,1.0
expanded_reserve_G,extra_low,111000,373,0.3,124801,SUCCESS,above,84.69143436456999,11,5,101,0.2066657107651506,10.100000000000001,1.0
expanded_reserve_G,extra_low,111000,374,0.3,124838,SUCCESS,right,137.16194412286782,14,7,230,0.025408570797670893,23.0,1.0
expanded_reserve_G,extra_low,111000,375,0.3,124875,COLLISION,none,,,,70,-0.0022319306279299234,,0.8571428571428571
expanded_reserve_G,extra_low,111000,376,0.3,124912,SUCCESS,left,5.591630702880655,8,4,133,0.02734835178279943,13.3,1.0
expanded_reserve_G,extra_low,111000,377,0.3,124949,COLLISION,none,,,,53,-0.01285079907925668,,0.7924528301886793
expanded_reserve_G,extra_low,111000,378,0.3,124986,SUCCESS,right,142.65955538606116,14,7,164,0.13528401835550347,16.400000000000002,1.0
expanded_reserve_G,extra_low,111000,379,0.3,125023,SUCCESS,above,75.79187724089505,11,5,144,0.33196284553476296,14.4,1.0
expanded_reserve_G,extra_low,111000,380,0.3,125060,SUCCESS,right,154.6641466373314,14,7,111,0.07957068246728866,11.100000000000001,1.0
expanded_reserve_G,extra_low,111000,381,0.3,125097,TIMEOUT,right,172.16434852932656,15,7,250,0.12604780997350046,,1.0
expanded_reserve_G,extra_low,111000,382,0.3,125134,SUCCESS,right,-163.99141566305394,0,0,112,0.09447178720194077,11.200000000000001,1.0
expanded_reserve_G,extra_low,111000,383,0.3,125171,SUCCESS,right,169.55169620246443,15,7,115,0.23491442392683182,11.5,1.0
expanded_reserve_G,extra_low,111000,384,0.3,125208,SUCCESS,left,5.854998148601054,8,4,111,0.1406469966293578,11.100000000000001,1.0
expanded_reserve_G,extra_low,111000,385,0.3,125245,TIMEOUT,right,150.88472873435393,14,7,250,0.1668472264975137,,1.0
expanded_reserve_G,extra_low,111000,386,0.3,125282,COLLISION,none,,,,67,-0.0009272366688140021,,0.8507462686567164
expanded_reserve_G,extra_low,111000,387,0.3,125319,SUCCESS,left,9.963329599119485,8,4,101,0.19440574461140103,10.100000000000001,1.0
expanded_reserve_G,extra_low,111000,388,0.3,125356,SUCCESS,above,112.42689994658697,12,6,126,0.11923983539486283,12.600000000000001,1.0
expanded_reserve_G,extra_low,111000,389,0.3,125393,SUCCESS,above,48.142622777301234,10,5,143,0.17181519656715005,14.3,1.0
expanded_reserve_G,extra_low,111000,390,0.3,125430,SUCCESS,above,65.90111661471354,10,5,117,0.011271097734909419,11.700000000000001,1.0
expanded_reserve_G,extra_low,111000,391,0.3,125467,SUCCESS,above,114.63552300629345,13,6,180,0.1551210167752608,18.0,1.0
expanded_reserve_G,extra_low,111000,392,0.3,125504,COLLISION,none,,,,68,-0.004205169609119208,,0.8529411764705882
expanded_reserve_G,extra_low,111000,393,0.3,125541,SUCCESS,above,118.50368967954915,13,6,143,0.19016010124059768,14.3,1.0
expanded_reserve_G,extra_low,111000,394,0.3,125578,SUCCESS,right,170.12889213954574,15,7,146,0.21193090454044283,14.600000000000001,1.0
expanded_reserve_G,extra_low,111000,395,0.3,125615,OOB,none,,,,53,0.15743096013745328,,0.8113207547169812
expanded_reserve_G,extra_low,111000,396,0.3,125652,SUCCESS,left,11.475486928065965,8,4,118,0.1036300826446579,11.8,1.0
expanded_reserve_G,extra_low,111000,397,0.3,125689,SUCCESS,left,28.738544324516244,9,4,176,0.09292021838632836,17.6,1.0
expanded_reserve_G,extra_low,111000,398,0.3,125726,SUCCESS,above,63.56858970266512,10,5,147,0.15794009373558848,14.700000000000001,1.0
expanded_reserve_G,extra_low,111000,399,0.3,125763,SUCCESS,left,22.684401617258082,9,4,109,0.0762724470491199,10.9,1.0
expanded_reserve_G,extra_high,121000,0,0.5,121000,SUCCESS,left,-14.016926748796761,7,3,110,0.09983060971278412,11.0,1.0
expanded_reserve_G,extra_high,121000,1,0.5,121037,SUCCESS,right,151.08176551665548,14,7,108,0.28014200921431665,10.8,1.0
expanded_reserve_G,extra_high,121000,2,0.5,121074,SUCCESS,right,156.07826542268336,14,7,101,0.2364834872295667,10.100000000000001,1.0
expanded_reserve_G,extra_high,121000,3,0.5,121111,COLLISION,none,,,,55,-0.013596867755491404,,0.8181818181818182
expanded_reserve_G,extra_high,121000,4,0.5,121148,SUCCESS,left,-11.26965860484481,7,3,123,0.10550496014620159,12.3,1.0
expanded_reserve_G,extra_high,121000,5,0.5,121185,SUCCESS,left,14.735371487101466,8,4,103,0.22427832145550142,10.3,1.0
expanded_reserve_G,extra_high,121000,6,0.5,121222,SUCCESS,left,23.45822379868301,9,4,127,0.12199249135650592,12.700000000000001,1.0
expanded_reserve_G,extra_high,121000,7,0.5,121259,SUCCESS,above,47.55216397787799,10,5,118,0.06045602467640415,11.8,1.0
expanded_reserve_G,extra_high,121000,8,0.5,121296,COLLISION,none,,,,79,-0.010573064467091442,,0.8734177215189873
expanded_reserve_G,extra_high,121000,9,0.5,121333,SUCCESS,left,1.5095519471071566,8,4,109,0.2159513238329378,10.9,1.0
expanded_reserve_G,extra_high,121000,10,0.5,121370,COLLISION,none,,,,54,-0.0029687002610082613,,0.8148148148148148
expanded_reserve_G,extra_high,121000,11,0.5,121407,SUCCESS,left,-12.04063044294329,7,3,132,0.1610846165599722,13.200000000000001,1.0
expanded_reserve_G,extra_high,121000,12,0.5,121444,SUCCESS,left,-23.846620303194516,6,3,117,0.09118752876955155,11.700000000000001,1.0
expanded_reserve_G,extra_high,121000,13,0.5,121481,TIMEOUT,right,140.19683723086266,14,7,250,0.14115663825017366,,1.0
expanded_reserve_G,extra_high,121000,14,0.5,121518,SUCCESS,left,-14.217687385695767,7,3,108,0.09706880911221194,10.8,1.0
expanded_reserve_G,extra_high,121000,15,0.5,121555,SUCCESS,left,11.26326857969902,8,4,92,0.2386388107092935,9.200000000000001,1.0
expanded_reserve_G,extra_high,121000,16,0.5,121592,SUCCESS,above,68.9071762934771,11,5,98,0.08394461542499099,9.8,1.0
expanded_reserve_G,extra_high,121000,17,0.5,121629,SUCCESS,above,71.59638642380364,11,5,137,0.15215263936308532,13.700000000000001,1.0
expanded_reserve_G,extra_high,121000,18,0.5,121666,SUCCESS,right,-159.3770825201352,0,0,237,0.16136170416737627,23.700000000000003,1.0
expanded_reserve_G,extra_high,121000,19,0.5,121703,OOB,none,,,,51,0.20393038004862407,,0.803921568627451
expanded_reserve_G,extra_high,121000,20,0.5,121740,SUCCESS,left,30.80261805068628,9,4,136,0.1426513842831872,13.600000000000001,1.0
expanded_reserve_G,extra_high,121000,21,0.5,121777,SUCCESS,right,157.40663851417597,14,7,100,0.18046500639831953,10.0,1.0
expanded_reserve_G,extra_high,121000,22,0.5,121814,OOB,left,37.843438875958775,9,4,137,0.15502311590074036,,0.927007299270073
expanded_reserve_G,extra_high,121000,23,0.5,121851,COLLISION,none,,,,56,-0.0032179323374096347,,0.8214285714285714
expanded_reserve_G,extra_high,121000,24,0.5,121888,SUCCESS,left,34.1122684580316,9,4,105,0.24890872003988018,10.5,1.0
expanded_reserve_G,extra_high,121000,25,0.5,121925,COLLISION,none,,,,57,-0.0008377156228606686,,0.8245614035087719
expanded_reserve_G,extra_high,121000,26,0.5,121962,SUCCESS,left,-19.170207267097187,7,3,111,0.24200798804357038,11.100000000000001,1.0
expanded_reserve_G,extra_high,121000,27,0.5,121999,SUCCESS,above,129.81933321320662,13,6,237,0.02076521619115851,23.700000000000003,1.0
expanded_reserve_G,extra_high,121000,28,0.5,122036,SUCCESS,right,-173.40510873829294,0,0,99,0.17691587605838166,9.9,1.0
expanded_reserve_G,extra_high,121000,29,0.5,122073,SUCCESS,above,81.74854937720517,11,5,117,0.12034507967663116,11.700000000000001,1.0
expanded_reserve_G,extra_high,121000,30,0.5,122110,COLLISION,none,,,,63,-0.002149814314392706,,0.8412698412698413
expanded_reserve_G,extra_high,121000,31,0.5,122147,SUCCESS,above,59.429758413007356,10,5,180,0.010002502833943328,18.0,1.0
expanded_reserve_G,extra_high,121000,32,0.5,122184,COLLISION,below,-113.5701502981396,2,1,67,-0.004861227934130186,,0.8507462686567164
expanded_reserve_G,extra_high,121000,33,0.5,122221,OOB,none,,,,36,0.5507645440713904,,0.7222222222222222
expanded_reserve_G,extra_high,121000,34,0.5,122258,SUCCESS,left,18.15304178582461,8,4,106,0.0005988977262536554,10.600000000000001,0.8962264150943396
expanded_reserve_G,extra_high,121000,35,0.5,122295,TIMEOUT,left,-24.128703861942604,6,3,250,0.1213287716690517,,1.0
expanded_reserve_G,extra_high,121000,36,0.5,122332,COLLISION,none,,,,49,-0.004166978266377075,,0.7959183673469388
expanded_reserve_G,extra_high,121000,37,0.5,122369,SUCCESS,left,21.850032949074258,8,4,97,0.1528784094298462,9.700000000000001,1.0
expanded_reserve_G,extra_high,121000,38,0.5,122406,SUCCESS,left,-23.00604425664003,6,3,101,0.0031383029613982205,10.100000000000001,0.9603960396039604
expanded_reserve_G,extra_high,121000,39,0.5,122443,SUCCESS,left,36.5568450452412,9,4,107,0.09563631863541744,10.700000000000001,1.0
expanded_reserve_G,extra_high,121000,40,0.5,122480,COLLISION,none,,,,55,-0.00486738713877416,,0.8181818181818182
expanded_reserve_G,extra_high,121000,41,0.5,122517,COLLISION,none,,,,50,-0.006512275015755187,,0.8
expanded_reserve_G,extra_high,121000,42,0.5,122554,SUCCESS,left,13.109105154310406,8,4,136,0.055576259630644276,13.600000000000001,1.0
expanded_reserve_G,extra_high,121000,43,0.5,122591,SUCCESS,right,167.8263246007348,15,7,123,0.16754028087732376,12.3,1.0
expanded_reserve_G,extra_high,121000,44,0.5,122628,SUCCESS,below,-62.14248737634913,5,2,102,0.14417654722446804,10.200000000000001,1.0
expanded_reserve_G,extra_high,121000,45,0.5,122665,SUCCESS,right,-167.3005828942294,0,0,109,0.09066676317938821,10.9,1.0
expanded_reserve_G,extra_high,121000,46,0.5,122702,COLLISION,none,,,,67,-0.003919694648033711,,0.8507462686567164
expanded_reserve_G,extra_high,121000,47,0.5,122739,SUCCESS,left,-19.99419597768831,7,3,160,0.12324353164621188,16.0,1.0
expanded_reserve_G,extra_high,121000,48,0.5,122776,SUCCESS,left,-7.155417013974235,7,3,142,0.17753638833181495,14.200000000000001,1.0
expanded_reserve_G,extra_high,121000,49,0.5,122813,SUCCESS,right,165.69832337648563,15,7,177,0.20014046897116022,17.7,1.0
expanded_reserve_G,extra_high,121000,50,0.5,122850,SUCCESS,right,142.79006110600375,14,7,121,0.020802745425148428,12.100000000000001,1.0
expanded_reserve_G,extra_high,121000,51,0.5,122887,SUCCESS,left,13.948065084344957,8,4,163,0.039147180018669125,16.3,1.0
expanded_reserve_G,extra_high,121000,52,0.5,122924,SUCCESS,right,-179.0299208047382,0,0,113,0.19474345455828612,11.3,1.0
expanded_reserve_G,extra_high,121000,53,0.5,122961,SUCCESS,left,-4.556291034406538,7,3,121,0.13750031791414452,12.100000000000001,1.0
expanded_reserve_G,extra_high,121000,54,0.5,122998,SUCCESS,left,27.65329636980555,9,4,104,0.24367013272769877,10.4,1.0
expanded_reserve_G,extra_high,121000,55,0.5,123035,SUCCESS,right,155.13771169451437,14,7,125,0.10442216697247625,12.5,1.0
expanded_reserve_G,extra_high,121000,56,0.5,123072,SUCCESS,above,100.66114310267795,12,6,95,0.16203500646141,9.5,1.0
expanded_reserve_G,extra_high,121000,57,0.5,123109,SUCCESS,left,13.586855678428218,8,4,121,0.15931319211258665,12.100000000000001,1.0
expanded_reserve_G,extra_high,121000,58,0.5,123146,SUCCESS,above,73.26792063245426,11,5,136,0.15593456324530097,13.600000000000001,1.0
expanded_reserve_G,extra_high,121000,59,0.5,123183,SUCCESS,right,171.4491938724271,15,7,102,0.20001159517943645,10.200000000000001,1.0
expanded_reserve_G,extra_high,121000,60,0.5,123220,OOB,none,,,,40,0.398377510105431,,0.75
expanded_reserve_G,extra_high,121000,61,0.5,123257,OOB,none,,,,40,0.516131361923935,,0.75
expanded_reserve_G,extra_high,121000,62,0.5,123294,SUCCESS,left,-17.083790654776788,7,3,122,0.12178484589169997,12.200000000000001,1.0
expanded_reserve_G,extra_high,121000,63,0.5,123331,COLLISION,none,,,,53,-0.013332475959364432,,0.8113207547169812
expanded_reserve_G,extra_high,121000,64,0.5,123368,SUCCESS,right,139.19701181247186,14,7,100,0.17661793325311792,10.0,1.0
expanded_reserve_G,extra_high,121000,65,0.5,123405,SUCCESS,right,176.27919740898625,15,7,132,0.18669654362353694,13.200000000000001,1.0
expanded_reserve_G,extra_high,121000,66,0.5,123442,SUCCESS,right,-179.42798211851076,0,0,132,0.08998088250718067,13.200000000000001,1.0
expanded_reserve_G,extra_high,121000,67,0.5,123479,SUCCESS,left,34.57275621218349,9,4,120,0.17858676985992195,12.0,1.0
expanded_reserve_G,extra_high,121000,68,0.5,123516,SUCCESS,above,132.7505562259716,13,6,99,0.2318507480387746,9.9,1.0
expanded_reserve_G,extra_high,121000,69,0.5,123553,SUCCESS,left,-15.43914162523648,7,3,126,0.2388878578351129,12.600000000000001,1.0
expanded_reserve_G,extra_high,121000,70,0.5,123590,SUCCESS,left,11.850023936869322,8,4,103,0.13887869066123726,10.3,1.0
expanded_reserve_G,extra_high,121000,71,0.5,123627,SUCCESS,left,0.6960401820207743,8,4,105,0.007951379192879304,10.5,1.0
expanded_reserve_G,extra_high,121000,72,0.5,123664,SUCCESS,left,-6.9962112095307,7,3,105,0.21541848936233876,10.5,1.0
expanded_reserve_G,extra_high,121000,73,0.5,123701,TIMEOUT,above,72.18869612439015,11,5,250,0.19707283397781084,,1.0
expanded_reserve_G,extra_high,121000,74,0.5,123738,COLLISION,none,,,,47,-0.0067665085072195486,,0.7872340425531915
expanded_reserve_G,extra_high,121000,75,0.5,123775,SUCCESS,right,165.97912509059907,15,7,124,0.0380383689849188,12.4,1.0
expanded_reserve_G,extra_high,121000,76,0.5,123812,COLLISION,none,,,,61,-0.0002623328466953567,,0.8360655737704918
expanded_reserve_G,extra_high,121000,77,0.5,123849,SUCCESS,left,22.562554902824047,9,4,124,0.15183110952986223,12.4,1.0
expanded_reserve_G,extra_high,121000,78,0.5,123886,COLLISION,none,,,,59,-0.005570266940841395,,0.8305084745762712
expanded_reserve_G,extra_high,121000,79,0.5,123923,SUCCESS,left,23.321258049032163,9,4,110,0.1557144032523663,11.0,1.0
expanded_reserve_G,extra_high,121000,80,0.5,123960,SUCCESS,right,155.24189111583115,14,7,109,0.17177881947787055,10.9,1.0
expanded_reserve_G,extra_high,121000,81,0.5,123997,SUCCESS,right,168.83040966880804,15,7,112,0.06278749486023533,11.200000000000001,1.0
expanded_reserve_G,extra_high,121000,82,0.5,124034,SUCCESS,right,162.37418001142504,15,7,110,0.02199553805120852,11.0,1.0
expanded_reserve_G,extra_high,121000,83,0.5,124071,SUCCESS,right,166.3365157038619,15,7,117,0.21123829221701262,11.700000000000001,1.0
expanded_reserve_G,extra_high,121000,84,0.5,124108,COLLISION,none,,,,57,-0.005371226051205602,,0.8245614035087719
expanded_reserve_G,extra_high,121000,85,0.5,124145,SUCCESS,left,-2.3883461970075754,7,3,113,0.036962673282691316,11.3,1.0
expanded_reserve_G,extra_high,121000,86,0.5,124182,SUCCESS,right,165.33375903157233,15,7,130,0.059506597432950836,13.0,1.0
expanded_reserve_G,extra_high,121000,87,0.5,124219,SUCCESS,right,160.17263191655329,15,7,149,0.11220975012141932,14.9,1.0
expanded_reserve_G,extra_high,121000,88,0.5,124256,COLLISION,none,,,,61,-0.010140320435903738,,0.8360655737704918
expanded_reserve_G,extra_high,121000,89,0.5,124293,COLLISION,none,,,,79,-0.0005902665846280741,,0.8734177215189873
expanded_reserve_G,extra_high,121000,90,0.5,124330,SUCCESS,left,-32.148034426675046,6,3,136,0.13489356618366305,13.600000000000001,1.0
expanded_reserve_G,extra_high,121000,91,0.5,124367,TIMEOUT,right,145.28761657959615,14,7,250,0.18566833280777684,,1.0
expanded_reserve_G,extra_high,121000,92,0.5,124404,COLLISION,none,,,,53,-0.010161733391800765,,0.8113207547169812
expanded_reserve_G,extra_high,121000,93,0.5,124441,SUCCESS,left,-20.338104768220575,7,3,119,0.15685199372574055,11.9,1.0
expanded_reserve_G,extra_high,121000,94,0.5,124478,SUCCESS,right,-141.93489436498072,1,0,157,0.060277560354405846,15.700000000000001,1.0
expanded_reserve_G,extra_high,121000,95,0.5,124515,SUCCESS,left,5.788480176703187,8,4,141,0.17130039172153677,14.100000000000001,1.0
expanded_reserve_G,extra_high,121000,96,0.5,124552,COLLISION,none,,,,51,-4.947335866478664e-06,,0.803921568627451
expanded_reserve_G,extra_high,121000,97,0.5,124589,COLLISION,none,,,,84,-0.008955107535063733,,0.8809523809523809
expanded_reserve_G,extra_high,121000,98,0.5,124626,COLLISION,none,,,,53,-0.004791447734934728,,0.8113207547169812
expanded_reserve_G,extra_high,121000,99,0.5,124663,SUCCESS,right,157.94875817297662,15,7,118,0.040896744960792764,11.8,1.0
expanded_reserve_G,extra_high,121000,100,0.5,124700,SUCCESS,right,138.99841519571174,14,7,147,0.15107908937729664,14.700000000000001,1.0
expanded_reserve_G,extra_high,121000,101,0.5,124737,SUCCESS,left,0.5473285648064263,8,4,94,0.1901005064503496,9.4,1.0
expanded_reserve_G,extra_high,121000,102,0.5,124774,SUCCESS,above,95.87225273406047,12,6,96,0.1584882792638529,9.600000000000001,1.0
expanded_reserve_G,extra_high,121000,103,0.5,124811,SUCCESS,right,-171.03970489543522,0,0,96,0.09454437717875763,9.600000000000001,1.0
expanded_reserve_G,extra_high,121000,104,0.5,124848,SUCCESS,left,24.056396645982286,9,4,109,0.07174764845972931,10.9,1.0
expanded_reserve_G,extra_high,121000,105,0.5,124885,SUCCESS,left,15.576240455643944,8,4,126,0.039664992135202914,12.600000000000001,1.0
expanded_reserve_G,extra_high,121000,106,0.5,124922,SUCCESS,left,-42.81125475894892,6,3,123,0.016529899662635683,12.3,1.0
expanded_reserve_G,extra_high,121000,107,0.5,124959,TIMEOUT,left,7.859127537067447,8,4,250,0.2425358520667542,,1.0
expanded_reserve_G,extra_high,121000,108,0.5,124996,SUCCESS,left,26.440491426759614,9,4,112,0.10582274073249898,11.200000000000001,1.0
expanded_reserve_G,extra_high,121000,109,0.5,125033,SUCCESS,above,71.24948316233244,11,5,137,0.1485280952189575,13.700000000000001,1.0
expanded_reserve_G,extra_high,121000,110,0.5,125070,SUCCESS,above,50.42882962899727,10,5,141,0.1500427287570829,14.100000000000001,1.0
expanded_reserve_G,extra_high,121000,111,0.5,125107,SUCCESS,above,66.89657874601959,10,5,118,0.132108878101738,11.8,1.0
expanded_reserve_G,extra_high,121000,112,0.5,125144,SUCCESS,left,34.76355232580695,9,4,113,0.07024905182221242,11.3,1.0
expanded_reserve_G,extra_high,121000,113,0.5,125181,SUCCESS,left,-21.41493159516568,7,3,102,0.1258535225727398,10.200000000000001,1.0
expanded_reserve_G,extra_high,121000,114,0.5,125218,SUCCESS,right,-169.13190416602671,0,0,97,0.20920742824587046,9.700000000000001,1.0
expanded_reserve_G,extra_high,121000,115,0.5,125255,TIMEOUT,above,69.67576040220152,11,5,250,0.1810658162840192,,1.0
expanded_reserve_G,extra_high,121000,116,0.5,125292,SUCCESS,left,3.807260192969436,8,4,124,0.12914129747848158,12.4,1.0
expanded_reserve_G,extra_high,121000,117,0.5,125329,SUCCESS,above,129.3607520382115,13,6,215,0.19613022510078115,21.5,1.0
expanded_reserve_G,extra_high,121000,118,0.5,125366,SUCCESS,right,171.04825860427775,15,7,149,0.07073148185428235,14.9,1.0
expanded_reserve_G,extra_high,121000,119,0.5,125403,SUCCESS,above,94.74352086186481,12,6,91,0.17256647265316982,9.1,1.0
expanded_reserve_G,extra_high,121000,120,0.5,125440,SUCCESS,left,-9.35844448750708,7,3,124,0.07434475177460625,12.4,1.0
expanded_reserve_G,extra_high,121000,121,0.5,125477,COLLISION,none,,,,53,-0.002076038522689616,,0.8113207547169812
expanded_reserve_G,extra_high,121000,122,0.5,125514,SUCCESS,above,66.19369329554216,10,5,125,0.1781212695340868,12.5,1.0
expanded_reserve_G,extra_high,121000,123,0.5,125551,COLLISION,none,,,,72,-0.014967746927893877,,0.8611111111111112
expanded_reserve_G,extra_high,121000,124,0.5,125588,SUCCESS,above,79.03403362405416,11,5,126,0.42329066036544905,12.600000000000001,1.0
expanded_reserve_G,extra_high,121000,125,0.5,125625,SUCCESS,above,101.81889444192582,12,6,91,0.2898163663174289,9.1,1.0
expanded_reserve_G,extra_high,121000,126,0.5,125662,SUCCESS,right,-178.21581560341508,0,0,109,0.035367370001312626,10.9,1.0
expanded_reserve_G,extra_high,121000,127,0.5,125699,SUCCESS,left,-30.73627013610762,6,3,107,0.06634779851874356,10.700000000000001,1.0
expanded_reserve_G,extra_high,121000,128,0.5,125736,SUCCESS,left,-13.064026027943958,7,3,105,0.14894423699295667,10.5,1.0
expanded_reserve_G,extra_high,121000,129,0.5,125773,COLLISION,none,,,,56,-0.0009776236845668307,,0.8214285714285714
expanded_reserve_G,extra_high,121000,130,0.5,125810,SUCCESS,above,50.35797558117709,10,5,129,0.15841198281829638,12.9,1.0
expanded_reserve_G,extra_high,121000,131,0.5,125847,SUCCESS,left,32.18098547102868,9,4,146,0.14732387109774814,14.600000000000001,1.0
expanded_reserve_G,extra_high,121000,132,0.5,125884,COLLISION,none,,,,60,-0.01174236486276159,,0.8333333333333334
expanded_reserve_G,extra_high,121000,133,0.5,125921,COLLISION,none,,,,58,-0.00612140456540089,,0.8275862068965517
expanded_reserve_G,extra_high,121000,134,0.5,125958,COLLISION,none,,,,48,-0.002915069765733802,,0.7916666666666666
expanded_reserve_G,extra_high,121000,135,0.5,125995,SUCCESS,left,6.15098968699416,8,4,114,0.09355528033198873,11.4,1.0
expanded_reserve_G,extra_high,121000,136,0.5,126032,SUCCESS,left,21.241467485726353,8,4,114,0.15239247823187707,11.4,1.0
expanded_reserve_G,extra_high,121000,137,0.5,126069,SUCCESS,right,177.25700914080736,15,7,103,0.11639953532156244,10.3,1.0
expanded_reserve_G,extra_high,121000,138,0.5,126106,SUCCESS,left,3.728410527081511,8,4,105,0.20783454517468047,10.5,1.0
expanded_reserve_G,extra_high,121000,139,0.5,126143,SUCCESS,left,-24.777520891645196,6,3,136,0.04308735382018847,13.600000000000001,1.0
expanded_reserve_G,extra_high,121000,140,0.5,126180,SUCCESS,left,-11.6543159638857,7,3,183,0.18141871460729575,18.3,1.0
expanded_reserve_G,extra_high,121000,141,0.5,126217,SUCCESS,right,169.3423260279646,15,7,123,0.1329495468693715,12.3,1.0
expanded_reserve_G,extra_high,121000,142,0.5,126254,SUCCESS,left,16.68701554104677,8,4,112,0.1827526104913224,11.200000000000001,1.0
expanded_reserve_G,extra_high,121000,143,0.5,126291,SUCCESS,left,-3.8623030746494695,7,3,116,0.05224999382744605,11.600000000000001,1.0
expanded_reserve_G,extra_high,121000,144,0.5,126328,TIMEOUT,above,102.38820658784277,12,6,250,0.20027898982930858,,1.0
expanded_reserve_G,extra_high,121000,145,0.5,126365,SUCCESS,above,109.96515618426284,12,6,206,0.17943721378643174,20.6,1.0
expanded_reserve_G,extra_high,121000,146,0.5,126402,COLLISION,none,,,,53,-0.0002623398885850947,,0.8113207547169812
expanded_reserve_G,extra_high,121000,147,0.5,126439,SUCCESS,left,4.433370054711235,8,4,126,0.12524963993753813,12.600000000000001,1.0
expanded_reserve_G,extra_high,121000,148,0.5,126476,TIMEOUT,above,128.12531305176617,13,6,250,0.042502958268005375,,1.0
expanded_reserve_G,extra_high,121000,149,0.5,126513,SUCCESS,left,-3.3332612861104423,7,3,99,0.15577201183793954,9.9,1.0
expanded_reserve_G,extra_high,121000,150,0.5,126550,COLLISION,none,,,,59,-0.0018410734667370088,,0.8305084745762712
expanded_reserve_G,extra_high,121000,151,0.5,126587,SUCCESS,left,5.5249654257744725,8,4,132,0.0593233532710461,13.200000000000001,1.0
expanded_reserve_G,extra_high,121000,152,0.5,126624,COLLISION,none,,,,69,-0.007193072172711756,,0.855072463768116
expanded_reserve_G,extra_high,121000,153,0.5,126661,SUCCESS,left,-16.205909302687036,7,3,113,0.09474296289153739,11.3,1.0
expanded_reserve_G,extra_high,121000,154,0.5,126698,TIMEOUT,below,-92.66159784750445,3,1,250,0.10038368127334918,,1.0
expanded_reserve_G,extra_high,121000,155,0.5,126735,SUCCESS,left,6.885922297692518,8,4,101,0.17282993724781515,10.100000000000001,1.0
expanded_reserve_G,extra_high,121000,156,0.5,126772,TIMEOUT,right,155.61529179141007,14,7,250,0.10119228118665857,,1.0
expanded_reserve_G,extra_high,121000,157,0.5,126809,OOB,left,41.50578736621986,9,4,118,0.0004103507693292152,,0.847457627118644
expanded_reserve_G,extra_high,121000,158,0.5,126846,SUCCESS,left,-5.859676833834388,7,3,128,0.10260219306211427,12.8,1.0
expanded_reserve_G,extra_high,121000,159,0.5,126883,SUCCESS,right,173.95336499321326,15,7,108,0.04357169630395896,10.8,1.0
expanded_reserve_G,extra_high,121000,160,0.5,126920,COLLISION,none,,,,54,-0.00397249428559221,,0.8148148148148148
expanded_reserve_G,extra_high,121000,161,0.5,126957,SUCCESS,right,-164.54509706526363,0,0,117,0.03424983959357275,11.700000000000001,1.0
expanded_reserve_G,extra_high,121000,162,0.5,126994,SUCCESS,above,105.43015597379785,12,6,111,0.15932614129529588,11.100000000000001,1.0
expanded_reserve_G,extra_high,121000,163,0.5,127031,COLLISION,none,,,,52,-0.004466033924669932,,0.8076923076923077
expanded_reserve_G,extra_high,121000,164,0.5,127068,SUCCESS,left,27.484047889452444,9,4,124,0.0881226000005933,12.4,1.0
expanded_reserve_G,extra_high,121000,165,0.5,127105,COLLISION,none,,,,54,-0.002392855316656506,,0.8148148148148148
expanded_reserve_G,extra_high,121000,166,0.5,127142,SUCCESS,right,-178.50058119205207,0,0,115,0.19051840680393461,11.5,1.0
expanded_reserve_G,extra_high,121000,167,0.5,127179,SUCCESS,right,162.8477233237559,15,7,101,0.055154891968436315,10.100000000000001,1.0
expanded_reserve_G,extra_high,121000,168,0.5,127216,SUCCESS,left,34.33417816668401,9,4,106,0.14365012900245772,10.600000000000001,1.0
expanded_reserve_G,extra_high,121000,169,0.5,127253,COLLISION,none,,,,60,-0.0016545598541617967,,0.8333333333333334
expanded_reserve_G,extra_high,121000,170,0.5,127290,COLLISION,none,,,,49,-0.0024962046517295056,,0.7959183673469388
expanded_reserve_G,extra_high,121000,171,0.5,127327,SUCCESS,left,20.10558006604118,8,4,106,0.17967593594329634,10.600000000000001,1.0
expanded_reserve_G,extra_high,121000,172,0.5,127364,COLLISION,none,,,,54,-0.0028768430579211857,,0.8148148148148148
expanded_reserve_G,extra_high,121000,173,0.5,127401,TIMEOUT,right,172.38003741450822,15,7,250,0.13863344638762048,,1.0
expanded_reserve_G,extra_high,121000,174,0.5,127438,SUCCESS,right,159.43540107976543,15,7,122,0.09229666006642823,12.200000000000001,1.0
expanded_reserve_G,extra_high,121000,175,0.5,127475,SUCCESS,left,-21.405569273019037,7,3,111,0.08432098013012035,11.100000000000001,1.0
expanded_reserve_G,extra_high,121000,176,0.5,127512,SUCCESS,right,175.46345510391856,15,7,165,0.15559328622107427,16.5,1.0
expanded_reserve_G,extra_high,121000,177,0.5,127549,SUCCESS,left,17.454829932687684,8,4,102,0.23493225489542813,10.200000000000001,1.0
expanded_reserve_G,extra_high,121000,178,0.5,127586,COLLISION,none,,,,58,-0.012209147454348757,,0.8275862068965517
expanded_reserve_G,extra_high,121000,179,0.5,127623,OOB,above,115.74858784368688,13,6,131,0.19678943293074513,,0.9236641221374046
expanded_reserve_G,extra_high,121000,180,0.5,127660,COLLISION,right,143.79156687763432,14,7,68,-0.002550319685180824,,0.8529411764705882
expanded_reserve_G,extra_high,121000,181,0.5,127697,SUCCESS,left,10.736052938077924,8,4,118,0.03869886194503136,11.8,1.0
expanded_reserve_G,extra_high,121000,182,0.5,127734,COLLISION,none,,,,57,-0.003922541264766821,,0.8245614035087719
expanded_reserve_G,extra_high,121000,183,0.5,127771,SUCCESS,above,117.8169058194476,13,6,100,0.35772441219079065,10.0,1.0
expanded_reserve_G,extra_high,121000,184,0.5,127808,SUCCESS,above,48.450286105621025,10,5,138,0.09977087753445507,13.8,1.0
expanded_reserve_G,extra_high,121000,185,0.5,127845,SUCCESS,right,172.81010576606923,15,7,109,0.10667399117734139,10.9,1.0
expanded_reserve_G,extra_high,121000,186,0.5,127882,SUCCESS,right,166.23274222361349,15,7,114,0.12196432454190093,11.4,1.0
expanded_reserve_G,extra_high,121000,187,0.5,127919,SUCCESS,left,-19.207282729767538,7,3,107,0.19828213704062325,10.700000000000001,1.0
expanded_reserve_G,extra_high,121000,188,0.5,127956,COLLISION,none,,,,62,-0.0012607240945580744,,0.8387096774193549
expanded_reserve_G,extra_high,121000,189,0.5,127993,COLLISION,below,-68.62176328966216,4,2,67,-0.004199654504803585,,0.8507462686567164
expanded_reserve_G,extra_high,121000,190,0.5,128030,SUCCESS,left,16.619472778413385,8,4,113,0.21876077404516792,11.3,1.0
expanded_reserve_G,extra_high,121000,191,0.5,128067,SUCCESS,left,37.860047920399275,9,4,145,0.09402841724217481,14.5,1.0
expanded_reserve_G,extra_high,121000,192,0.5,128104,SUCCESS,left,1.3279727060722768,8,4,109,0.1735062768893446,10.9,1.0
expanded_reserve_G,extra_high,121000,193,0.5,128141,SUCCESS,left,-4.018465053228229,7,3,114,0.17464369717063477,11.4,1.0
expanded_reserve_G,extra_high,121000,194,0.5,128178,COLLISION,none,,,,68,-0.005384356906362409,,0.8529411764705882
expanded_reserve_G,extra_high,121000,195,0.5,128215,SUCCESS,above,55.33870489465642,10,5,125,0.013516004579356533,12.5,1.0
expanded_reserve_G,extra_high,121000,196,0.5,128252,SUCCESS,left,-3.052987739535328,7,3,116,0.06129556376557799,11.600000000000001,1.0
expanded_reserve_G,extra_high,121000,197,0.5,128289,COLLISION,none,,,,57,-0.001121364704283756,,0.8245614035087719
expanded_reserve_G,extra_high,121000,198,0.5,128326,SUCCESS,above,99.30834403018876,12,6,103,0.12036669122183724,10.3,1.0
expanded_reserve_G,extra_high,121000,199,0.5,128363,SUCCESS,left,-29.222547640724017,6,3,167,0.26112086412758617,16.7,1.0
expanded_reserve_G,extra_high,121000,200,0.5,128400,COLLISION,none,,,,52,-0.0017550503464030531,,0.8076923076923077
expanded_reserve_G,extra_high,121000,201,0.5,128437,SUCCESS,left,-7.130964748123237,7,3,123,0.29216155855351766,12.3,1.0
expanded_reserve_G,extra_high,121000,202,0.5,128474,SUCCESS,above,49.71269609346601,10,5,183,0.0688908824807169,18.3,1.0
expanded_reserve_G,extra_high,121000,203,0.5,128511,SUCCESS,left,14.576902545937635,8,4,119,0.22616209744575932,11.9,1.0
expanded_reserve_G,extra_high,121000,204,0.5,128548,SUCCESS,above,46.118911997965505,10,5,185,0.11541915661511215,18.5,1.0
expanded_reserve_G,extra_high,121000,205,0.5,128585,COLLISION,none,,,,57,-0.0014126276517089087,,0.8245614035087719
expanded_reserve_G,extra_high,121000,206,0.5,128622,COLLISION,none,,,,56,-0.009569641499980353,,0.8035714285714286
expanded_reserve_G,extra_high,121000,207,0.5,128659,SUCCESS,right,-145.25999262393708,1,0,112,0.0778805435278272,11.200000000000001,1.0
expanded_reserve_G,extra_high,121000,208,0.5,128696,SUCCESS,left,-11.05551981477172,7,3,121,0.009645086060846908,12.100000000000001,1.0
expanded_reserve_G,extra_high,121000,209,0.5,128733,SUCCESS,left,4.199944581621811,8,4,112,0.16334021179918712,11.200000000000001,1.0
expanded_reserve_G,extra_high,121000,210,0.5,128770,SUCCESS,above,50.06464398312793,10,5,125,0.1383214126951564,12.5,1.0
expanded_reserve_G,extra_high,121000,211,0.5,128807,SUCCESS,left,32.654875782593116,9,4,101,0.11171242929150665,10.100000000000001,1.0
expanded_reserve_G,extra_high,121000,212,0.5,128844,SUCCESS,left,16.24470613439256,8,4,105,0.10612022015376243,10.5,1.0
expanded_reserve_G,extra_high,121000,213,0.5,128881,COLLISION,none,,,,52,-0.004760929332003561,,0.8076923076923077
expanded_reserve_G,extra_high,121000,214,0.5,128918,COLLISION,none,,,,59,-0.001988962854993226,,0.8305084745762712
expanded_reserve_G,extra_high,121000,215,0.5,128955,SUCCESS,left,25.58178934446631,9,4,147,0.14946076612923287,14.700000000000001,1.0
expanded_reserve_G,extra_high,121000,216,0.5,128992,SUCCESS,left,14.58881099719074,8,4,121,0.06316642042062537,12.100000000000001,1.0
expanded_reserve_G,extra_high,121000,217,0.5,129029,SUCCESS,right,159.60790634060302,15,7,126,0.17823679273944226,12.600000000000001,1.0
expanded_reserve_G,extra_high,121000,218,0.5,129066,SUCCESS,above,110.55763578852834,12,6,156,0.20845558417038645,15.600000000000001,1.0
expanded_reserve_G,extra_high,121000,219,0.5,129103,SUCCESS,left,-4.131874813899511,7,3,106,0.16077588930733822,10.600000000000001,1.0
expanded_reserve_G,extra_high,121000,220,0.5,129140,SUCCESS,right,-164.11505621896978,0,0,114,0.09147094185084764,11.4,1.0
expanded_reserve_G,extra_high,121000,221,0.5,129177,SUCCESS,right,162.06628792148072,15,7,137,0.03990932977912148,13.700000000000001,1.0
expanded_reserve_G,extra_high,121000,222,0.5,129214,COLLISION,none,,,,63,-0.0005460257958151971,,0.8412698412698413
expanded_reserve_G,extra_high,121000,223,0.5,129251,SUCCESS,above,105.20020157245708,12,6,96,0.21895555822597645,9.600000000000001,1.0
expanded_reserve_G,extra_high,121000,224,0.5,129288,SUCCESS,left,-16.44241751287374,7,3,106,0.12436428981468511,10.600000000000001,1.0
expanded_reserve_G,extra_high,121000,225,0.5,129325,TIMEOUT,above,98.35030499080408,12,6,250,0.024625010663160585,,1.0
expanded_reserve_G,extra_high,121000,226,0.5,129362,COLLISION,none,,,,50,-0.014206520616681984,,0.8
expanded_reserve_G,extra_high,121000,227,0.5,129399,SUCCESS,right,179.62195665974596,15,7,107,0.15505653522288854,10.700000000000001,1.0
expanded_reserve_G,extra_high,121000,228,0.5,129436,SUCCESS,left,20.576661593566364,8,4,90,0.21063257114728018,9.0,1.0
expanded_reserve_G,extra_high,121000,229,0.5,129473,SUCCESS,right,-143.26223411536725,1,0,108,0.2228646106895894,10.8,1.0
expanded_reserve_G,extra_high,121000,230,0.5,129510,SUCCESS,right,166.88318153694576,15,7,99,0.15783418030570473,9.9,1.0
expanded_reserve_G,extra_high,121000,231,0.5,129547,SUCCESS,left,38.66066105261673,9,4,134,0.0016365126988274192,13.4,0.9328358208955224
expanded_reserve_G,extra_high,121000,232,0.5,129584,SUCCESS,above,92.35125475364374,12,6,102,0.07682883887945913,10.200000000000001,1.0
expanded_reserve_G,extra_high,121000,233,0.5,129621,COLLISION,none,,,,65,-0.008240123125323018,,0.8307692307692308
expanded_reserve_G,extra_high,121000,234,0.5,129658,SUCCESS,above,133.83103890965472,13,6,105,0.012890577466902253,10.5,1.0
expanded_reserve_G,extra_high,121000,235,0.5,129695,SUCCESS,right,164.2790632906673,15,7,109,0.14882037678545113,10.9,1.0
expanded_reserve_G,extra_high,121000,236,0.5,129732,SUCCESS,left,-4.712779975654966,7,3,127,0.1653030729076741,12.700000000000001,1.0
expanded_reserve_G,extra_high,121000,237,0.5,129769,SUCCESS,above,72.27143303781287,11,5,213,0.040890684910918296,21.3,1.0
expanded_reserve_G,extra_high,121000,238,0.5,129806,TIMEOUT,right,171.4816560098476,15,7,250,0.17382820599975357,,1.0
expanded_reserve_G,extra_high,121000,239,0.5,129843,SUCCESS,left,36.681802299381005,9,4,114,0.15632140537919426,11.4,1.0
expanded_reserve_G,extra_high,121000,240,0.5,129880,SUCCESS,left,1.5130501806648444,8,4,121,0.1334429630105124,12.100000000000001,1.0
expanded_reserve_G,extra_high,121000,241,0.5,129917,SUCCESS,left,-4.997466751006362,7,3,121,0.16658120542703903,12.100000000000001,1.0
expanded_reserve_G,extra_high,121000,242,0.5,129954,SUCCESS,right,172.99961343301715,15,7,111,0.20258566968045166,11.100000000000001,1.0
expanded_reserve_G,extra_high,121000,243,0.5,129991,COLLISION,above,133.6750995919876,13,6,88,-0.0013062434217780416,,0.8863636363636364
expanded_reserve_G,extra_high,121000,244,0.5,130028,SUCCESS,left,-3.0898152886403234,7,3,106,0.14361311714042418,10.600000000000001,1.0
expanded_reserve_G,extra_high,121000,245,0.5,130065,SUCCESS,right,-161.00887695832714,0,0,121,0.097112076639702,12.100000000000001,1.0
expanded_reserve_G,extra_high,121000,246,0.5,130102,COLLISION,none,,,,52,-0.006784389683972103,,0.8076923076923077
expanded_reserve_G,extra_high,121000,247,0.5,130139,COLLISION,none,,,,62,-0.00280580253949686,,0.8387096774193549
expanded_reserve_G,extra_high,121000,248,0.5,130176,COLLISION,none,,,,53,-0.006756740765456959,,0.8113207547169812
expanded_reserve_G,extra_high,121000,249,0.5,130213,SUCCESS,left,27.035462692120575,9,4,111,0.08534679138525597,11.100000000000001,1.0
expanded_reserve_G,extra_high,121000,250,0.5,130250,SUCCESS,left,41.01439934879158,9,4,143,0.18417873417092168,14.3,1.0
expanded_reserve_G,extra_high,121000,251,0.5,130287,TIMEOUT,above,55.57987561679252,10,5,250,0.22063282580915133,,1.0
expanded_reserve_G,extra_high,121000,252,0.5,130324,SUCCESS,right,172.96048353321808,15,7,104,0.09453349274294964,10.4,1.0
expanded_reserve_G,extra_high,121000,253,0.5,130361,COLLISION,none,,,,47,-0.00344080339060443,,0.7872340425531915
expanded_reserve_G,extra_high,121000,254,0.5,130398,SUCCESS,above,110.40723914408574,12,6,93,0.1594926926856346,9.3,1.0
expanded_reserve_G,extra_high,121000,255,0.5,130435,COLLISION,none,,,,53,-0.008371823362684883,,0.8113207547169812
expanded_reserve_G,extra_high,121000,256,0.5,130472,SUCCESS,left,3.6448599075453543,8,4,120,0.18630831896219935,12.0,1.0
expanded_reserve_G,extra_high,121000,257,0.5,130509,SUCCESS,left,-5.96817037041166,7,3,107,0.014314059729430062,10.700000000000001,1.0
expanded_reserve_G,extra_high,121000,258,0.5,130546,SUCCESS,left,9.570607644858532,8,4,116,0.13760929342541828,11.600000000000001,1.0
expanded_reserve_G,extra_high,121000,259,0.5,130583,COLLISION,none,,,,52,-0.000603547529261339,,0.8076923076923077
expanded_reserve_G,extra_high,121000,260,0.5,130620,SUCCESS,left,-2.3119369920013972,7,3,127,0.15328386681372463,12.700000000000001,1.0
expanded_reserve_G,extra_high,121000,261,0.5,130657,SUCCESS,left,-2.2895008029679724,7,3,93,0.12987699565131333,9.3,1.0
expanded_reserve_G,extra_high,121000,262,0.5,130694,SUCCESS,left,31.61142890535753,9,4,149,0.14283724827315658,14.9,1.0
expanded_reserve_G,extra_high,121000,263,0.5,130731,SUCCESS,left,8.28802877109643,8,4,128,0.18865345507197473,12.8,1.0
expanded_reserve_G,extra_high,121000,264,0.5,130768,SUCCESS,right,137.29113271250915,14,7,97,0.22662888603297338,9.700000000000001,1.0
expanded_reserve_G,extra_high,121000,265,0.5,130805,SUCCESS,left,-5.193605585429165,7,3,123,0.04722784429750537,12.3,1.0
expanded_reserve_G,extra_high,121000,266,0.5,130842,SUCCESS,right,167.16766593355246,15,7,108,0.11827956403685924,10.8,1.0
expanded_reserve_G,extra_high,121000,267,0.5,130879,SUCCESS,right,167.11727235392365,15,7,118,0.17971143459602446,11.8,1.0
expanded_reserve_G,extra_high,121000,268,0.5,130916,SUCCESS,right,158.24768784826404,15,7,100,0.17561343504713844,10.0,1.0
expanded_reserve_G,extra_high,121000,269,0.5,130953,SUCCESS,left,10.502790614687816,8,4,143,0.18424154846172724,14.3,1.0
expanded_reserve_G,extra_high,121000,270,0.5,130990,SUCCESS,below,-96.23240230278289,3,1,135,0.04343119149086094,13.5,1.0
expanded_reserve_G,extra_high,121000,271,0.5,131027,SUCCESS,above,132.21623629164057,13,6,134,0.13844258579252422,13.4,1.0
expanded_reserve_G,extra_high,121000,272,0.5,131064,SUCCESS,above,122.99139249246194,13,6,97,0.19764053306022322,9.700000000000001,1.0
expanded_reserve_G,extra_high,121000,273,0.5,131101,SUCCESS,right,147.3047435613647,14,7,125,0.2287391621563315,12.5,1.0
expanded_reserve_G,extra_high,121000,274,0.5,131138,SUCCESS,above,126.85201930502916,13,6,138,0.1345082545297186,13.8,1.0
expanded_reserve_G,extra_high,121000,275,0.5,131175,TIMEOUT,below,-83.11073667152026,4,2,250,0.07680139992926616,,1.0
expanded_reserve_G,extra_high,121000,276,0.5,131212,SUCCESS,left,-11.909841356645822,7,3,124,0.022685756478734498,12.4,1.0
expanded_reserve_G,extra_high,121000,277,0.5,131249,SUCCESS,above,49.94656679775471,10,5,134,0.10051328358681344,13.4,1.0
expanded_reserve_G,extra_high,121000,278,0.5,131286,SUCCESS,above,67.27609611205077,10,5,168,0.1339282828464201,16.8,1.0
expanded_reserve_G,extra_high,121000,279,0.5,131323,SUCCESS,right,157.17246889508667,14,7,174,0.0729676159062268,17.400000000000002,1.0
expanded_reserve_G,extra_high,121000,280,0.5,131360,SUCCESS,right,166.22174414249238,15,7,146,0.21408477305407714,14.600000000000001,1.0
expanded_reserve_G,extra_high,121000,281,0.5,131397,SUCCESS,right,161.2029517200253,15,7,122,0.09183808554055006,12.200000000000001,1.0
expanded_reserve_G,extra_high,121000,282,0.5,131434,SUCCESS,above,110.168965881555,12,6,102,0.06054598297098124,10.200000000000001,1.0
expanded_reserve_G,extra_high,121000,283,0.5,131471,SUCCESS,right,135.38004353785615,14,7,95,0.02858727251760279,9.5,1.0
expanded_reserve_G,extra_high,121000,284,0.5,131508,COLLISION,none,,,,59,-0.0026490976695690005,,0.8305084745762712
expanded_reserve_G,extra_high,121000,285,0.5,131545,SUCCESS,right,163.61264671219715,15,7,110,0.24108592956967978,11.0,1.0
expanded_reserve_G,extra_high,121000,286,0.5,131582,SUCCESS,left,24.762787404053835,9,4,123,0.07952756247880705,12.3,1.0
expanded_reserve_G,extra_high,121000,287,0.5,131619,SUCCESS,above,134.68155603528493,13,6,132,0.022704387540502358,13.200000000000001,1.0
expanded_reserve_G,extra_high,121000,288,0.5,131656,TIMEOUT,above,67.61989456333133,11,5,250,0.15285080068889434,,1.0
expanded_reserve_G,extra_high,121000,289,0.5,131693,SUCCESS,left,11.553610561316919,8,4,106,0.16515134782000573,10.600000000000001,1.0
expanded_reserve_G,extra_high,121000,290,0.5,131730,SUCCESS,left,24.504434019082126,9,4,110,0.1343028037484721,11.0,1.0
expanded_reserve_G,extra_high,121000,291,0.5,131767,COLLISION,none,,,,64,-0.00023270381649243,,0.84375
expanded_reserve_G,extra_high,121000,292,0.5,131804,SUCCESS,above,46.46500380821214,10,5,116,0.1996396728604698,11.600000000000001,1.0
expanded_reserve_G,extra_high,121000,293,0.5,131841,SUCCESS,above,54.89665687254612,10,5,153,0.09597367928767903,15.3,1.0
expanded_reserve_G,extra_high,121000,294,0.5,131878,SUCCESS,left,9.01764901729553,8,4,97,0.215629051834887,9.700000000000001,1.0
expanded_reserve_G,extra_high,121000,295,0.5,131915,SUCCESS,above,131.1310243102973,13,6,100,0.1483902864612452,10.0,1.0
expanded_reserve_G,extra_high,121000,296,0.5,131952,SUCCESS,above,95.61766183963947,12,6,104,0.03533870669787287,10.4,1.0
expanded_reserve_G,extra_high,121000,297,0.5,131989,SUCCESS,right,-178.39802933271088,0,0,105,0.07888041446795396,10.5,1.0
expanded_reserve_G,extra_high,121000,298,0.5,132026,SUCCESS,left,9.866257004593546,8,4,102,0.1880382164269323,10.200000000000001,1.0
expanded_reserve_G,extra_high,121000,299,0.5,132063,SUCCESS,left,31.8583855799618,9,4,127,0.15835496139842986,12.700000000000001,1.0
expanded_reserve_G,extra_high,121000,300,0.5,132100,SUCCESS,left,33.98858326823431,9,4,101,0.2331756382708693,10.100000000000001,1.0
expanded_reserve_G,extra_high,121000,301,0.5,132137,COLLISION,none,,,,55,-0.0009004693441626577,,0.8181818181818182
expanded_reserve_G,extra_high,121000,302,0.5,132174,SUCCESS,above,94.56646635226532,12,6,155,0.27367141555589736,15.5,1.0
expanded_reserve_G,extra_high,121000,303,0.5,132211,SUCCESS,above,89.6756564169474,11,5,97,0.15555674036357459,9.700000000000001,1.0
expanded_reserve_G,extra_high,121000,304,0.5,132248,SUCCESS,left,34.920250565993875,9,4,110,0.028072982853714734,11.0,1.0
expanded_reserve_G,extra_high,121000,305,0.5,132285,SUCCESS,left,13.560224858545418,8,4,176,0.1292139028144021,17.6,1.0
expanded_reserve_G,extra_high,121000,306,0.5,132322,SUCCESS,above,119.12992456496129,13,6,136,0.05328189931100413,13.600000000000001,1.0
expanded_reserve_G,extra_high,121000,307,0.5,132359,SUCCESS,above,82.29852390340342,11,5,148,0.05306462846962384,14.8,1.0
expanded_reserve_G,extra_high,121000,308,0.5,132396,TIMEOUT,above,108.62520657846301,12,6,250,0.11552268651949954,,1.0
expanded_reserve_G,extra_high,121000,309,0.5,132433,COLLISION,none,,,,51,-0.013270456033231848,,0.803921568627451
expanded_reserve_G,extra_high,121000,310,0.5,132470,SUCCESS,below,-129.00757849644395,2,1,105,0.07784392074225777,10.5,1.0
expanded_reserve_G,extra_high,121000,311,0.5,132507,TIMEOUT,left,-6.182577689546984,7,3,250,0.047746496846876596,,1.0
expanded_reserve_G,extra_high,121000,312,0.5,132544,SUCCESS,left,0.23010121596349778,8,4,176,0.23820931022890812,17.6,1.0
expanded_reserve_G,extra_high,121000,313,0.5,132581,SUCCESS,left,-13.3930405471536,7,3,106,0.20729473626778305,10.600000000000001,1.0
expanded_reserve_G,extra_high,121000,314,0.5,132618,SUCCESS,left,-7.499274750503184,7,3,131,0.15112991702883316,13.100000000000001,1.0
expanded_reserve_G,extra_high,121000,315,0.5,132655,SUCCESS,left,0.89749195456928,8,4,116,0.1350117565779339,11.600000000000001,1.0
expanded_reserve_G,extra_high,121000,316,0.5,132692,SUCCESS,left,6.4592300563897185,8,4,126,0.051968504196345244,12.600000000000001,1.0
expanded_reserve_G,extra_high,121000,317,0.5,132729,SUCCESS,above,89.1456354946314,11,5,144,0.5004315079179742,14.4,1.0
expanded_reserve_G,extra_high,121000,318,0.5,132766,SUCCESS,right,138.04526192019537,14,7,129,0.050012783295439345,12.9,1.0
expanded_reserve_G,extra_high,121000,319,0.5,132803,SUCCESS,left,7.9548324768931735,8,4,136,0.09391256844157597,13.600000000000001,1.0
expanded_reserve_G,extra_high,121000,320,0.5,132840,SUCCESS,above,97.12531186832064,12,6,104,0.27270673054972805,10.4,1.0
expanded_reserve_G,extra_high,121000,321,0.5,132877,SUCCESS,right,-157.51541790751656,0,0,127,0.1545958810107425,12.700000000000001,1.0
expanded_reserve_G,extra_high,121000,322,0.5,132914,SUCCESS,right,139.39324908532424,14,7,100,0.13833726751050213,10.0,1.0
expanded_reserve_G,extra_high,121000,323,0.5,132951,SUCCESS,right,-170.61833727584548,0,0,152,0.16237188954860748,15.200000000000001,1.0
expanded_reserve_G,extra_high,121000,324,0.5,132988,SUCCESS,above,58.962973618812924,10,5,155,0.052677223304886334,15.5,1.0
expanded_reserve_G,extra_high,121000,325,0.5,133025,SUCCESS,below,-65.99374392788972,5,2,143,0.07402578566834073,14.3,1.0
expanded_reserve_G,extra_high,121000,326,0.5,133062,SUCCESS,above,113.80021108101846,13,6,143,0.24691342295824126,14.3,1.0
expanded_reserve_G,extra_high,121000,327,0.5,133099,TIMEOUT,right,164.5167883931412,15,7,250,0.13641154374244752,,1.0
expanded_reserve_G,extra_high,121000,328,0.5,133136,SUCCESS,left,-8.18451227181209,7,3,234,0.18309809418611134,23.400000000000002,1.0
expanded_reserve_G,extra_high,121000,329,0.5,133173,SUCCESS,right,-163.7584605102991,0,0,113,0.21244245424809105,11.3,1.0
expanded_reserve_G,extra_high,121000,330,0.5,133210,SUCCESS,left,15.309913987639243,8,4,117,0.06147584684609381,11.700000000000001,1.0
expanded_reserve_G,extra_high,121000,331,0.5,133247,SUCCESS,right,178.21791859617508,15,7,124,0.15906994967594512,12.4,1.0
expanded_reserve_G,extra_high,121000,332,0.5,133284,SUCCESS,above,113.54519871613512,13,6,95,0.17339604940019526,9.5,1.0
expanded_reserve_G,extra_high,121000,333,0.5,133321,SUCCESS,left,9.660754125734748,8,4,129,0.026356981399544677,12.9,1.0
expanded_reserve_G,extra_high,121000,334,0.5,133358,SUCCESS,above,93.71357901634495,12,6,108,0.03989914193520189,10.8,1.0
expanded_reserve_G,extra_high,121000,335,0.5,133395,SUCCESS,left,41.418795138541384,9,4,102,0.045626612333423744,10.200000000000001,1.0
expanded_reserve_G,extra_high,121000,336,0.5,133432,SUCCESS,right,-174.14316987352683,0,0,107,0.06831460501167502,10.700000000000001,1.0
expanded_reserve_G,extra_high,121000,337,0.5,133469,SUCCESS,left,33.73917589692036,9,4,138,0.12062822869331985,13.8,1.0
expanded_reserve_G,extra_high,121000,338,0.5,133506,COLLISION,none,,,,57,-0.007969655032224576,,0.8245614035087719
expanded_reserve_G,extra_high,121000,339,0.5,133543,COLLISION,none,,,,59,-0.002376969393303563,,0.8135593220338984
expanded_reserve_G,extra_high,121000,340,0.5,133580,SUCCESS,left,29.308988757980018,9,4,112,0.06413882812660887,11.200000000000001,1.0
expanded_reserve_G,extra_high,121000,341,0.5,133617,SUCCESS,right,155.11548941347226,14,7,230,0.03610500543656675,23.0,1.0
expanded_reserve_G,extra_high,121000,342,0.5,133654,SUCCESS,above,96.96740795869474,12,6,93,0.17108131332836807,9.3,1.0
expanded_reserve_G,extra_high,121000,343,0.5,133691,SUCCESS,left,0.3324296546438505,8,4,112,0.03458614392279796,11.200000000000001,1.0
expanded_reserve_G,extra_high,121000,344,0.5,133728,SUCCESS,left,-14.13511792939797,7,3,130,0.1356893218876543,13.0,1.0
expanded_reserve_G,extra_high,121000,345,0.5,133765,TIMEOUT,above,99.99391776369477,12,6,250,0.07915035756765626,,1.0
expanded_reserve_G,extra_high,121000,346,0.5,133802,SUCCESS,above,78.78466563035929,11,5,99,0.14484528891689746,9.9,1.0
expanded_reserve_G,extra_high,121000,347,0.5,133839,COLLISION,none,,,,56,-0.0009715650911318319,,0.8214285714285714
expanded_reserve_G,extra_high,121000,348,0.5,133876,SUCCESS,left,18.98404359747348,8,4,136,0.11519404885161266,13.600000000000001,1.0
expanded_reserve_G,extra_high,121000,349,0.5,133913,SUCCESS,above,58.91646692546121,10,5,123,0.15595891163982367,12.3,1.0
expanded_reserve_G,extra_high,121000,350,0.5,133950,TIMEOUT,right,167.70621194944192,15,7,250,0.25364216603833056,,1.0
expanded_reserve_G,extra_high,121000,351,0.5,133987,SUCCESS,right,156.6584007961997,14,7,164,0.1440095181309053,16.400000000000002,1.0
expanded_reserve_G,extra_high,121000,352,0.5,134024,COLLISION,none,,,,49,-0.009666507745651531,,0.7959183673469388
expanded_reserve_G,extra_high,121000,353,0.5,134061,SUCCESS,left,-25.138645613941865,6,3,109,0.18632064931038772,10.9,1.0
expanded_reserve_G,extra_high,121000,354,0.5,134098,SUCCESS,above,116.36990078637014,13,6,92,0.21775319347389466,9.200000000000001,1.0
expanded_reserve_G,extra_high,121000,355,0.5,134135,SUCCESS,left,-16.982337294129284,7,3,105,0.0691635198329873,10.5,1.0
expanded_reserve_G,extra_high,121000,356,0.5,134172,TIMEOUT,right,-142.98791663021441,1,0,250,0.023812268842367645,,1.0
expanded_reserve_G,extra_high,121000,357,0.5,134209,COLLISION,right,137.47287752699833,14,7,70,-0.0051988537271543955,,0.8571428571428571
expanded_reserve_G,extra_high,121000,358,0.5,134246,SUCCESS,above,117.89232441662584,13,6,95,0.22203305158090303,9.5,1.0
expanded_reserve_G,extra_high,121000,359,0.5,134283,COLLISION,none,,,,52,-0.00027462421649426805,,0.8076923076923077
expanded_reserve_G,extra_high,121000,360,0.5,134320,SUCCESS,above,125.26957981673918,13,6,114,0.09482168710119304,11.4,1.0
expanded_reserve_G,extra_high,121000,361,0.5,134357,SUCCESS,above,94.3835339764844,12,6,133,0.1080717204152768,13.3,1.0
expanded_reserve_G,extra_high,121000,362,0.5,134394,SUCCESS,above,110.12503039071957,12,6,100,0.13557381823110903,10.0,1.0
expanded_reserve_G,extra_high,121000,363,0.5,134431,COLLISION,none,,,,55,-0.005570902957456714,,0.8181818181818182
expanded_reserve_G,extra_high,121000,364,0.5,134468,SUCCESS,above,60.16934391815825,10,5,184,0.21418819839130177,18.400000000000002,1.0
expanded_reserve_G,extra_high,121000,365,0.5,134505,TIMEOUT,above,93.65303881657444,12,6,250,0.23422342042755384,,1.0
expanded_reserve_G,extra_high,121000,366,0.5,134542,SUCCESS,left,10.297481457986217,8,4,127,0.038523529294600956,12.700000000000001,1.0
expanded_reserve_G,extra_high,121000,367,0.5,134579,COLLISION,none,,,,60,-0.006670161807144859,,0.8333333333333334
expanded_reserve_G,extra_high,121000,368,0.5,134616,COLLISION,none,,,,50,-0.002122914576371371,,0.8
expanded_reserve_G,extra_high,121000,369,0.5,134653,SUCCESS,right,171.42918332985198,15,7,130,0.1435682082258296,13.0,1.0
expanded_reserve_G,extra_high,121000,370,0.5,134690,SUCCESS,above,59.83963616857833,10,5,124,0.11059145105663065,12.4,1.0
expanded_reserve_G,extra_high,121000,371,0.5,134727,SUCCESS,left,-0.4669604517606666,7,3,106,0.040693955885485855,10.600000000000001,1.0
expanded_reserve_G,extra_high,121000,372,0.5,134764,SUCCESS,above,111.09499917491539,12,6,111,0.19576648434714838,11.100000000000001,1.0
expanded_reserve_G,extra_high,121000,373,0.5,134801,COLLISION,none,,,,44,-0.005183342740846364,,0.7727272727272727
expanded_reserve_G,extra_high,121000,374,0.5,134838,SUCCESS,left,4.818427857979258,8,4,128,0.1824798564006075,12.8,1.0
expanded_reserve_G,extra_high,121000,375,0.5,134875,SUCCESS,left,-21.295167670838985,7,3,114,0.08106668605410017,11.4,1.0
expanded_reserve_G,extra_high,121000,376,0.5,134912,SUCCESS,above,46.995491748411865,10,5,197,0.11057834732805272,19.700000000000003,1.0
expanded_reserve_G,extra_high,121000,377,0.5,134949,SUCCESS,left,0.8108851039492575,8,4,115,0.14114699920271262,11.5,1.0
expanded_reserve_G,extra_high,121000,378,0.5,134986,SUCCESS,above,70.62353392493345,11,5,133,0.07430852004365646,13.3,1.0
expanded_reserve_G,extra_high,121000,379,0.5,135023,SUCCESS,above,50.52296586479713,10,5,145,0.03505744174666808,14.5,1.0
expanded_reserve_G,extra_high,121000,380,0.5,135060,COLLISION,none,,,,57,-0.001540124780220864,,0.8245614035087719
expanded_reserve_G,extra_high,121000,381,0.5,135097,COLLISION,none,,,,55,-0.008647595106363981,,0.8181818181818182
expanded_reserve_G,extra_high,121000,382,0.5,135134,SUCCESS,right,140.74664179422558,14,7,118,0.1382956335643084,11.8,1.0
expanded_reserve_G,extra_high,121000,383,0.5,135171,COLLISION,none,,,,59,-0.004842784504454245,,0.8305084745762712
expanded_reserve_G,extra_high,121000,384,0.5,135208,SUCCESS,right,140.6660661613191,14,7,169,0.07379151536755418,16.900000000000002,1.0
expanded_reserve_G,extra_high,121000,385,0.5,135245,COLLISION,left,-43.29416822127674,6,3,63,-0.0009812207071862034,,0.8412698412698413
expanded_reserve_G,extra_high,121000,386,0.5,135282,SUCCESS,left,-1.000738453763566,7,3,217,0.15968704764159547,21.700000000000003,1.0
expanded_reserve_G,extra_high,121000,387,0.5,135319,SUCCESS,right,153.87789027512395,14,7,110,0.03938893617437217,11.0,1.0
expanded_reserve_G,extra_high,121000,388,0.5,135356,SUCCESS,left,-24.110691908480252,6,3,170,0.17035445900657942,17.0,1.0
expanded_reserve_G,extra_high,121000,389,0.5,135393,SUCCESS,left,1.9301333733737847,8,4,119,0.24809051957860107,11.9,1.0
expanded_reserve_G,extra_high,121000,390,0.5,135430,COLLISION,none,,,,59,-0.00041028809309778813,,0.8305084745762712
expanded_reserve_G,extra_high,121000,391,0.5,135467,SUCCESS,left,6.92827244129747,8,4,112,0.21032696036392817,11.200000000000001,1.0
expanded_reserve_G,extra_high,121000,392,0.5,135504,COLLISION,none,,,,53,-0.017706689704375778,,0.8113207547169812
expanded_reserve_G,extra_high,121000,393,0.5,135541,SUCCESS,right,-160.76703825105804,0,0,110,0.1453504221298822,11.0,1.0
expanded_reserve_G,extra_high,121000,394,0.5,135578,SUCCESS,left,19.810166760620223,8,4,125,0.1664149705314102,12.5,1.0
expanded_reserve_G,extra_high,121000,395,0.5,135615,SUCCESS,left,-17.060107747396724,7,3,99,0.23793389865381676,9.9,1.0
expanded_reserve_G,extra_high,121000,396,0.5,135652,COLLISION,none,,,,52,-0.0017639032214032957,,0.8076923076923077
expanded_reserve_G,extra_high,121000,397,0.5,135689,COLLISION,none,,,,55,-0.00654716809488598,,0.8181818181818182
expanded_reserve_G,extra_high,121000,398,0.5,135726,COLLISION,none,,,,51,-0.0029332063551510412,,0.803921568627451
expanded_reserve_G,extra_high,121000,399,0.5,135763,SUCCESS,left,-6.942393512610453,7,3,101,0.13635333121388066,10.100000000000001,1.0
expanded_reserve_G,extra_high,131000,0,1.0,131000,COLLISION,none,,,,49,-0.004529429726254808,,0.7959183673469388
expanded_reserve_G,extra_high,131000,1,1.0,131037,SUCCESS,left,-12.579387761011473,7,3,105,0.09085995615355802,10.5,1.0
expanded_reserve_G,extra_high,131000,2,1.0,131074,SUCCESS,left,13.22294338974924,8,4,127,0.1018721044059212,12.700000000000001,1.0
expanded_reserve_G,extra_high,131000,3,1.0,131111,COLLISION,none,,,,54,-0.012651599986315432,,0.8148148148148148
expanded_reserve_G,extra_high,131000,4,1.0,131148,COLLISION,none,,,,50,-0.006498391120062064,,0.8
expanded_reserve_G,extra_high,131000,5,1.0,131185,SUCCESS,above,47.69951803088818,10,5,130,0.056747546583775565,13.0,1.0
expanded_reserve_G,extra_high,131000,6,1.0,131222,SUCCESS,above,91.90645290342027,12,6,160,0.05925634569862287,16.0,1.0
expanded_reserve_G,extra_high,131000,7,1.0,131259,SUCCESS,left,33.00215529892493,9,4,118,0.22801522001917474,11.8,1.0
expanded_reserve_G,extra_high,131000,8,1.0,131296,SUCCESS,left,35.51886120766577,9,4,155,0.07540706606749126,15.5,1.0
expanded_reserve_G,extra_high,131000,9,1.0,131333,SUCCESS,left,40.959831340087824,9,4,136,0.1903753634840848,13.600000000000001,1.0
expanded_reserve_G,extra_high,131000,10,1.0,131370,SUCCESS,left,-30.994863134318933,6,3,98,0.07244585788509422,9.8,1.0
expanded_reserve_G,extra_high,131000,11,1.0,131407,SUCCESS,left,11.139083353831714,8,4,90,0.10570686508824167,9.0,1.0
expanded_reserve_G,extra_high,131000,12,1.0,131444,SUCCESS,right,-174.29244761591005,0,0,114,0.15541164635372018,11.4,1.0
expanded_reserve_G,extra_high,131000,13,1.0,131481,COLLISION,none,,,,56,-0.0001301403306401272,,0.8214285714285714
expanded_reserve_G,extra_high,131000,14,1.0,131518,SUCCESS,left,18.611181737088245,8,4,150,0.02977632427075605,15.0,1.0
expanded_reserve_G,extra_high,131000,15,1.0,131555,SUCCESS,below,-71.73441555041549,4,2,138,0.01867994092668568,13.8,1.0
expanded_reserve_G,extra_high,131000,16,1.0,131592,SUCCESS,right,-171.86084231469965,0,0,104,0.2420010768031159,10.4,1.0
expanded_reserve_G,extra_high,131000,17,1.0,131629,SUCCESS,above,50.45230069390238,10,5,109,0.1352824796840174,10.9,1.0
expanded_reserve_G,extra_high,131000,18,1.0,131666,SUCCESS,left,-26.58242887415846,6,3,147,0.15429983070417863,14.700000000000001,1.0
expanded_reserve_G,extra_high,131000,19,1.0,131703,SUCCESS,left,9.863496562799366,8,4,98,0.14406055707573717,9.8,1.0
expanded_reserve_G,extra_high,131000,20,1.0,131740,COLLISION,none,,,,49,-0.016691199653351363,,0.7959183673469388
expanded_reserve_G,extra_high,131000,21,1.0,131777,SUCCESS,left,12.852848662726949,8,4,108,0.03868764865531005,10.8,1.0
expanded_reserve_G,extra_high,131000,22,1.0,131814,SUCCESS,right,152.9226864073324,14,7,107,0.09345642250191266,10.700000000000001,1.0
expanded_reserve_G,extra_high,131000,23,1.0,131851,SUCCESS,above,45.408626349022335,10,5,112,0.1342276395274844,11.200000000000001,1.0
expanded_reserve_G,extra_high,131000,24,1.0,131888,COLLISION,none,,,,48,-0.0028913887691722207,,0.7916666666666666
expanded_reserve_G,extra_high,131000,25,1.0,131925,SUCCESS,left,26.89820264038275,9,4,155,0.07337899610714066,15.5,1.0
expanded_reserve_G,extra_high,131000,26,1.0,131962,SUCCESS,left,10.385882996262552,8,4,107,0.04558086836415631,10.700000000000001,1.0
expanded_reserve_G,extra_high,131000,27,1.0,131999,COLLISION,none,,,,60,-0.004860831871428828,,0.8333333333333334
expanded_reserve_G,extra_high,131000,28,1.0,132036,SUCCESS,left,-3.8327694457588732,7,3,116,0.18170903834351515,11.600000000000001,1.0
expanded_reserve_G,extra_high,131000,29,1.0,132073,SUCCESS,left,29.657989825054827,9,4,245,0.08153655540088722,24.5,1.0
expanded_reserve_G,extra_high,131000,30,1.0,132110,SUCCESS,right,168.9692025964465,15,7,145,0.09260786136415083,14.5,1.0
expanded_reserve_G,extra_high,131000,31,1.0,132147,COLLISION,none,,,,66,-0.0041670509335275385,,0.8484848484848485
expanded_reserve_G,extra_high,131000,32,1.0,132184,SUCCESS,left,5.764726498915249,8,4,100,0.12118078945650002,10.0,1.0
expanded_reserve_G,extra_high,131000,33,1.0,132221,SUCCESS,left,15.090526842114286,8,4,110,0.00844169161613434,11.0,0.990909090909091
expanded_reserve_G,extra_high,131000,34,1.0,132258,COLLISION,none,,,,52,-0.01055458767732148,,0.8076923076923077
expanded_reserve_G,extra_high,131000,35,1.0,132295,SUCCESS,left,22.936131048066972,9,4,111,0.11348381574738109,11.100000000000001,1.0
expanded_reserve_G,extra_high,131000,36,1.0,132332,SUCCESS,left,22.287353735189875,8,4,104,0.17304662344725652,10.4,1.0
expanded_reserve_G,extra_high,131000,37,1.0,132369,SUCCESS,left,35.47902343695787,9,4,101,0.11596809711893458,10.100000000000001,1.0
expanded_reserve_G,extra_high,131000,38,1.0,132406,SUCCESS,left,11.427674138963896,8,4,99,0.11910145909617981,9.9,1.0
expanded_reserve_G,extra_high,131000,39,1.0,132443,SUCCESS,right,165.45402637497315,15,7,109,0.15393093386980938,10.9,1.0
expanded_reserve_G,extra_high,131000,40,1.0,132480,COLLISION,none,,,,52,-0.006031846388402373,,0.8076923076923077
expanded_reserve_G,extra_high,131000,41,1.0,132517,COLLISION,none,,,,61,-0.0022545078449493494,,0.8360655737704918
expanded_reserve_G,extra_high,131000,42,1.0,132554,SUCCESS,right,-155.7139780434819,1,0,128,0.028620834066174494,12.8,1.0
expanded_reserve_G,extra_high,131000,43,1.0,132591,SUCCESS,left,-9.689254371498425,7,3,110,0.036014554344875105,11.0,1.0
expanded_reserve_G,extra_high,131000,44,1.0,132628,SUCCESS,left,-9.08215706837746,7,3,141,0.1523343141538499,14.100000000000001,1.0
expanded_reserve_G,extra_high,131000,45,1.0,132665,COLLISION,none,,,,57,-0.0017121763981358673,,0.8245614035087719
expanded_reserve_G,extra_high,131000,46,1.0,132702,TIMEOUT,left,-19.986606195931692,7,3,250,0.09917951082304471,,1.0
expanded_reserve_G,extra_high,131000,47,1.0,132739,SUCCESS,left,1.3999582801404702,8,4,99,0.19306132298671796,9.9,1.0
expanded_reserve_G,extra_high,131000,48,1.0,132776,TIMEOUT,below,-66.08386831428372,5,2,250,0.08900787849987635,,1.0
expanded_reserve_G,extra_high,131000,49,1.0,132813,SUCCESS,left,-34.4959339487209,6,3,108,0.07890828423567786,10.8,1.0
expanded_reserve_G,extra_high,131000,50,1.0,132850,COLLISION,none,,,,53,-0.006800451769190918,,0.8113207547169812
expanded_reserve_G,extra_high,131000,51,1.0,132887,SUCCESS,left,-44.78825351609892,6,3,140,0.09636421311498738,14.0,1.0
expanded_reserve_G,extra_high,131000,52,1.0,132924,SUCCESS,above,72.86353137307921,11,5,135,0.0994960614582423,13.5,1.0
expanded_reserve_G,extra_high,131000,53,1.0,132961,COLLISION,none,,,,62,-0.005857850761416095,,0.8387096774193549
expanded_reserve_G,extra_high,131000,54,1.0,132998,SUCCESS,left,14.024735876524401,8,4,104,0.08224860244314741,10.4,1.0
expanded_reserve_G,extra_high,131000,55,1.0,133035,COLLISION,none,,,,43,-0.017271727989426666,,0.7674418604651163
expanded_reserve_G,extra_high,131000,56,1.0,133072,SUCCESS,left,14.856554896773257,8,4,107,0.08920189355991803,10.700000000000001,1.0
expanded_reserve_G,extra_high,131000,57,1.0,133109,COLLISION,none,,,,51,-0.0033071506352603253,,0.803921568627451
expanded_reserve_G,extra_high,131000,58,1.0,133146,SUCCESS,below,-47.59679313157148,5,2,110,0.10991712485404731,11.0,1.0
expanded_reserve_G,extra_high,131000,59,1.0,133183,SUCCESS,left,28.95543050889818,9,4,111,0.08168872863033821,11.100000000000001,1.0
expanded_reserve_G,extra_high,131000,60,1.0,133220,SUCCESS,right,135.3793441185512,14,7,121,0.1710349302473766,12.100000000000001,1.0
expanded_reserve_G,extra_high,131000,61,1.0,133257,SUCCESS,left,-19.476242395099685,7,3,105,0.10777867416560288,10.5,1.0
expanded_reserve_G,extra_high,131000,62,1.0,133294,COLLISION,none,,,,49,-0.005704884307310365,,0.7959183673469388
expanded_reserve_G,extra_high,131000,63,1.0,133331,SUCCESS,above,131.67869758270507,13,6,93,0.10967067030782118,9.3,1.0
expanded_reserve_G,extra_high,131000,64,1.0,133368,SUCCESS,above,105.09688328592054,12,6,104,0.019685418942376298,10.4,1.0
expanded_reserve_G,extra_high,131000,65,1.0,133405,COLLISION,none,,,,49,-0.0039099784964830575,,0.7959183673469388
expanded_reserve_G,extra_high,131000,66,1.0,133442,COLLISION,none,,,,59,-0.0017890177881540459,,0.8305084745762712
expanded_reserve_G,extra_high,131000,67,1.0,133479,OOB,none,,,,41,0.39073662391443464,,0.7560975609756098
expanded_reserve_G,extra_high,131000,68,1.0,133516,COLLISION,none,,,,48,-0.0049830619668781995,,0.7916666666666666
expanded_reserve_G,extra_high,131000,69,1.0,133553,SUCCESS,left,-34.23105206652875,6,3,107,0.22929819298040044,10.700000000000001,1.0
expanded_reserve_G,extra_high,131000,70,1.0,133590,COLLISION,none,,,,48,-0.0007544940247073417,,0.7916666666666666
expanded_reserve_G,extra_high,131000,71,1.0,133627,COLLISION,none,,,,63,-0.0029081524092566813,,0.8412698412698413
expanded_reserve_G,extra_high,131000,72,1.0,133664,TIMEOUT,right,142.86747410164858,14,7,250,0.1240735654205517,,1.0
expanded_reserve_G,extra_high,131000,73,1.0,133701,SUCCESS,left,-10.446644421105885,7,3,102,0.1462449079842414,10.200000000000001,1.0
expanded_reserve_G,extra_high,131000,74,1.0,133738,COLLISION,none,,,,44,-0.014252856157610738,,0.7727272727272727
expanded_reserve_G,extra_high,131000,75,1.0,133775,SUCCESS,left,5.811888729115569,8,4,141,0.05795179556207519,14.100000000000001,1.0
expanded_reserve_G,extra_high,131000,76,1.0,133812,COLLISION,none,,,,53,-0.0035960125253720054,,0.8113207547169812
expanded_reserve_G,extra_high,131000,77,1.0,133849,SUCCESS,left,18.531931430781857,8,4,99,0.12463232385858208,9.9,1.0
expanded_reserve_G,extra_high,131000,78,1.0,133886,SUCCESS,above,63.5775721743329,10,5,119,0.16016141812340867,11.9,1.0
expanded_reserve_G,extra_high,131000,79,1.0,133923,OOB,below,-105.70177927645213,3,1,62,0.08838491223717837,,0.8387096774193549
expanded_reserve_G,extra_high,131000,80,1.0,133960,SUCCESS,right,156.89761605024046,14,7,136,0.09606092548748102,13.600000000000001,1.0
expanded_reserve_G,extra_high,131000,81,1.0,133997,SUCCESS,left,16.497203056779238,8,4,135,0.05743591359957084,13.5,1.0
expanded_reserve_G,extra_high,131000,82,1.0,134034,SUCCESS,left,-14.965642194641239,7,3,120,0.12407532407208999,12.0,1.0
expanded_reserve_G,extra_high,131000,83,1.0,134071,COLLISION,none,,,,51,-0.003452635158935735,,0.803921568627451
expanded_reserve_G,extra_high,131000,84,1.0,134108,SUCCESS,left,-18.309320041026872,7,3,107,0.195689407692623,10.700000000000001,1.0
expanded_reserve_G,extra_high,131000,85,1.0,134145,SUCCESS,left,39.79238798595012,9,4,123,0.07125255728517121,12.3,1.0
expanded_reserve_G,extra_high,131000,86,1.0,134182,COLLISION,none,,,,47,-0.004683480691167807,,0.7872340425531915
expanded_reserve_G,extra_high,131000,87,1.0,134219,SUCCESS,right,148.5895237214132,14,7,99,0.022352422372731162,9.9,1.0
expanded_reserve_G,extra_high,131000,88,1.0,134256,SUCCESS,right,144.55060161936083,14,7,96,0.07601241383808738,9.600000000000001,1.0
expanded_reserve_G,extra_high,131000,89,1.0,134293,COLLISION,none,,,,45,-0.016409200962908654,,0.7777777777777778
expanded_reserve_G,extra_high,131000,90,1.0,134330,SUCCESS,left,-20.195783968648563,7,3,97,0.17447450608681114,9.700000000000001,1.0
expanded_reserve_G,extra_high,131000,91,1.0,134367,SUCCESS,left,3.5630140321582817,8,4,121,0.11856354599133295,12.100000000000001,1.0
expanded_reserve_G,extra_high,131000,92,1.0,134404,SUCCESS,left,-10.133885714969123,7,3,116,0.1506170714374161,11.600000000000001,1.0
expanded_reserve_G,extra_high,131000,93,1.0,134441,SUCCESS,left,-29.859530681617557,6,3,101,0.08898623638521219,10.100000000000001,1.0
expanded_reserve_G,extra_high,131000,94,1.0,134478,COLLISION,none,,,,73,-0.0011353226487422763,,0.863013698630137
expanded_reserve_G,extra_high,131000,95,1.0,134515,SUCCESS,left,14.253546365771358,8,4,113,0.024861785857457852,11.3,1.0
expanded_reserve_G,extra_high,131000,96,1.0,134552,SUCCESS,left,29.158957561881486,9,4,115,0.11126548985958912,11.5,1.0
expanded_reserve_G,extra_high,131000,97,1.0,134589,COLLISION,above,52.905621976352634,10,5,66,-0.00124736416763932,,0.8333333333333334
expanded_reserve_G,extra_high,131000,98,1.0,134626,TIMEOUT,left,19.734783730745065,8,4,250,0.00957229295104095,,0.98
expanded_reserve_G,extra_high,131000,99,1.0,134663,COLLISION,none,,,,68,-0.013863069638494652,,0.8529411764705882
expanded_reserve_G,extra_high,131000,100,1.0,134700,SUCCESS,left,35.92034041299332,9,4,109,0.09000352737641537,10.9,1.0
expanded_reserve_G,extra_high,131000,101,1.0,134737,COLLISION,none,,,,50,-0.003334347105900415,,0.8
expanded_reserve_G,extra_high,131000,102,1.0,134774,SUCCESS,left,41.12155082024657,9,4,109,0.14785867130931618,10.9,1.0
expanded_reserve_G,extra_high,131000,103,1.0,134811,SUCCESS,below,-84.56010742270288,4,2,115,0.002731154585539186,11.5,0.9217391304347826
expanded_reserve_G,extra_high,131000,104,1.0,134848,SUCCESS,right,179.61950067960166,15,7,132,0.13580717414275317,13.200000000000001,1.0
expanded_reserve_G,extra_high,131000,105,1.0,134885,SUCCESS,left,8.474590791458446,8,4,99,0.21552640097768594,9.9,1.0
expanded_reserve_G,extra_high,131000,106,1.0,134922,SUCCESS,left,-4.363874381651148,7,3,116,0.1708819726954579,11.600000000000001,1.0
expanded_reserve_G,extra_high,131000,107,1.0,134959,SUCCESS,left,29.38505038585589,9,4,129,0.06671217996899281,12.9,1.0
expanded_reserve_G,extra_high,131000,108,1.0,134996,SUCCESS,left,-11.708625170127494,7,3,112,0.05758470500549756,11.200000000000001,1.0
expanded_reserve_G,extra_high,131000,109,1.0,135033,COLLISION,none,,,,50,-0.009632905355721366,,0.8
expanded_reserve_G,extra_high,131000,110,1.0,135070,COLLISION,none,,,,51,-0.005576017167555236,,0.803921568627451
expanded_reserve_G,extra_high,131000,111,1.0,135107,COLLISION,none,,,,49,-0.007973239027511902,,0.7959183673469388
expanded_reserve_G,extra_high,131000,112,1.0,135144,SUCCESS,left,3.094205923068892,8,4,105,0.08442044334680493,10.5,1.0
expanded_reserve_G,extra_high,131000,113,1.0,135181,COLLISION,none,,,,47,-0.0020741889627554633,,0.7872340425531915
expanded_reserve_G,extra_high,131000,114,1.0,135218,COLLISION,none,,,,61,-0.004533154951048224,,0.8360655737704918
expanded_reserve_G,extra_high,131000,115,1.0,135255,SUCCESS,left,0.8597627040075405,8,4,115,0.1348007806943367,11.5,1.0
expanded_reserve_G,extra_high,131000,116,1.0,135292,SUCCESS,right,-172.68996661980512,0,0,120,0.055577051407496636,12.0,1.0
expanded_reserve_G,extra_high,131000,117,1.0,135329,SUCCESS,left,-23.76554875617641,6,3,100,0.07805385498750467,10.0,1.0
expanded_reserve_G,extra_high,131000,118,1.0,135366,COLLISION,none,,,,47,-0.009670249732444514,,0.7872340425531915
expanded_reserve_G,extra_high,131000,119,1.0,135403,SUCCESS,above,63.49773733472282,10,5,102,0.032442827596753154,10.200000000000001,1.0
expanded_reserve_G,extra_high,131000,120,1.0,135440,SUCCESS,left,5.643741877791543,8,4,97,0.10314185191176412,9.700000000000001,1.0
expanded_reserve_G,extra_high,131000,121,1.0,135477,SUCCESS,above,50.00444320718605,10,5,115,0.1392159162785655,11.5,1.0
expanded_reserve_G,extra_high,131000,122,1.0,135514,COLLISION,none,,,,49,-0.014343931317336023,,0.7959183673469388
expanded_reserve_G,extra_high,131000,123,1.0,135551,SUCCESS,left,1.3071506958927337,8,4,113,0.006856268507184071,11.3,1.0
expanded_reserve_G,extra_high,131000,124,1.0,135588,SUCCESS,above,56.62980932021257,10,5,211,0.017026836210623786,21.1,1.0
expanded_reserve_G,extra_high,131000,125,1.0,135625,SUCCESS,right,-167.59637200092615,0,0,114,0.1164048289300903,11.4,1.0
expanded_reserve_G,extra_high,131000,126,1.0,135662,SUCCESS,left,44.33649803425879,9,4,191,0.09151272556841594,19.1,1.0
expanded_reserve_G,extra_high,131000,127,1.0,135699,SUCCESS,right,179.98652968029612,15,7,116,0.04077186809534905,11.600000000000001,1.0
expanded_reserve_G,extra_high,131000,128,1.0,135736,SUCCESS,left,19.902773940508276,8,4,101,0.04367003058993979,10.100000000000001,1.0
expanded_reserve_G,extra_high,131000,129,1.0,135773,SUCCESS,left,-21.555817460700105,7,3,101,0.2272426298310527,10.100000000000001,1.0
expanded_reserve_G,extra_high,131000,130,1.0,135810,SUCCESS,left,-16.1323522397226,7,3,210,0.16251151281973175,21.0,1.0
expanded_reserve_G,extra_high,131000,131,1.0,135847,SUCCESS,left,6.518080915649413,8,4,108,0.04428506532614879,10.8,1.0
expanded_reserve_G,extra_high,131000,132,1.0,135884,SUCCESS,left,-5.663763826149872,7,3,114,0.030140417549258225,11.4,1.0
expanded_reserve_G,extra_high,131000,133,1.0,135921,TIMEOUT,left,-2.834974922394074,7,3,250,0.026408886167073986,,1.0
expanded_reserve_G,extra_high,131000,134,1.0,135958,SUCCESS,left,24.467409454894344,9,4,95,0.2624617101254031,9.5,1.0
expanded_reserve_G,extra_high,131000,135,1.0,135995,SUCCESS,above,94.1183583075423,12,6,146,0.306619924462015,14.600000000000001,1.0
expanded_reserve_G,extra_high,131000,136,1.0,136032,SUCCESS,left,31.690410746586803,9,4,109,0.11431343120936932,10.9,1.0
expanded_reserve_G,extra_high,131000,137,1.0,136069,SUCCESS,right,170.01590928328957,15,7,103,0.06864071379669162,10.3,1.0
expanded_reserve_G,extra_high,131000,138,1.0,136106,SUCCESS,left,-17.822741277718613,7,3,154,0.07939373170676611,15.4,1.0
expanded_reserve_G,extra_high,131000,139,1.0,136143,COLLISION,none,,,,77,-0.0036299149226959315,,0.8701298701298701
expanded_reserve_G,extra_high,131000,140,1.0,136180,SUCCESS,above,99.42578705632003,12,6,90,0.20982786328832748,9.0,1.0
expanded_reserve_G,extra_high,131000,141,1.0,136217,COLLISION,none,,,,54,-9.127480111548181e-05,,0.8148148148148148
expanded_reserve_G,extra_high,131000,142,1.0,136254,SUCCESS,left,-24.521321038292804,6,3,161,0.15793587039121815,16.1,1.0
expanded_reserve_G,extra_high,131000,143,1.0,136291,SUCCESS,below,-60.609578486194046,5,2,144,0.0699430527695149,14.4,1.0
expanded_reserve_G,extra_high,131000,144,1.0,136328,SUCCESS,left,27.974460493503678,9,4,109,0.028260451788111374,10.9,1.0
expanded_reserve_G,extra_high,131000,145,1.0,136365,COLLISION,none,,,,47,-0.004569153087385758,,0.7872340425531915
expanded_reserve_G,extra_high,131000,146,1.0,136402,COLLISION,none,,,,50,-0.002333277308599113,,0.8
expanded_reserve_G,extra_high,131000,147,1.0,136439,TIMEOUT,above,128.77096168663815,13,6,250,0.20112676226248583,,1.0
expanded_reserve_G,extra_high,131000,148,1.0,136476,TIMEOUT,left,-25.65489058415231,6,3,250,0.2301707140803393,,1.0
expanded_reserve_G,extra_high,131000,149,1.0,136513,TIMEOUT,above,108.63714376873166,12,6,250,0.2610516367859349,,1.0
expanded_reserve_G,extra_high,131000,150,1.0,136550,COLLISION,none,,,,62,-0.0040723479379195515,,0.8387096774193549
expanded_reserve_G,extra_high,131000,151,1.0,136587,SUCCESS,above,81.30173292453655,11,5,140,0.011174853031165333,14.0,1.0
expanded_reserve_G,extra_high,131000,152,1.0,136624,TIMEOUT,right,-166.8664159930205,0,0,250,0.08641449727879885,,1.0
expanded_reserve_G,extra_high,131000,153,1.0,136661,SUCCESS,right,138.08105847379693,14,7,101,0.15213161436459766,10.100000000000001,1.0
expanded_reserve_G,extra_high,131000,154,1.0,136698,COLLISION,none,,,,49,-0.013854002288850198,,0.7959183673469388
expanded_reserve_G,extra_high,131000,155,1.0,136735,COLLISION,none,,,,61,-0.0053327690421891005,,0.8360655737704918
expanded_reserve_G,extra_high,131000,156,1.0,136772,SUCCESS,left,3.144717073486348,8,4,112,0.14605471149590132,11.200000000000001,1.0
expanded_reserve_G,extra_high,131000,157,1.0,136809,COLLISION,none,,,,51,-0.011011862669660644,,0.803921568627451
expanded_reserve_G,extra_high,131000,158,1.0,136846,TIMEOUT,above,105.77411931861943,12,6,250,0.32438623800017574,,1.0
expanded_reserve_G,extra_high,131000,159,1.0,136883,TIMEOUT,above,122.86992204779732,13,6,250,0.1829434748444878,,1.0
expanded_reserve_G,extra_high,131000,160,1.0,136920,SUCCESS,left,18.743936091987713,8,4,126,0.18170328392824187,12.600000000000001,1.0
expanded_reserve_G,extra_high,131000,161,1.0,136957,SUCCESS,left,-5.507748956879695,7,3,102,0.052728978514589575,10.200000000000001,1.0
expanded_reserve_G,extra_high,131000,162,1.0,136994,COLLISION,none,,,,49,-0.010739154219743752,,0.7959183673469388
expanded_reserve_G,extra_high,131000,163,1.0,137031,SUCCESS,above,93.42251926328787,12,6,93,0.2049696563304203,9.3,1.0
expanded_reserve_G,extra_high,131000,164,1.0,137068,COLLISION,none,,,,52,-0.00011572534482306995,,0.8076923076923077
expanded_reserve_G,extra_high,131000,165,1.0,137105,COLLISION,none,,,,67,-0.006265136725178144,,0.8507462686567164
expanded_reserve_G,extra_high,131000,166,1.0,137142,COLLISION,none,,,,61,-0.0009526502155757233,,0.8360655737704918
expanded_reserve_G,extra_high,131000,167,1.0,137179,SUCCESS,right,139.07900827469012,14,7,95,0.1148409049150283,9.5,1.0
expanded_reserve_G,extra_high,131000,168,1.0,137216,SUCCESS,right,-175.43047244958805,0,0,131,0.09199105678217001,13.100000000000001,1.0
expanded_reserve_G,extra_high,131000,169,1.0,137253,SUCCESS,left,21.126404000853,8,4,102,0.022575134716459444,10.200000000000001,1.0
expanded_reserve_G,extra_high,131000,170,1.0,137290,SUCCESS,right,-163.82645922389773,0,0,122,0.11680654478046221,12.200000000000001,1.0
expanded_reserve_G,extra_high,131000,171,1.0,137327,COLLISION,none,,,,54,-0.0018903564902376102,,0.8148148148148148
expanded_reserve_G,extra_high,131000,172,1.0,137364,SUCCESS,above,85.74824790463911,11,5,90,0.256591862558637,9.0,1.0
expanded_reserve_G,extra_high,131000,173,1.0,137401,SUCCESS,above,59.16926263834266,10,5,132,0.0583734303129152,13.200000000000001,1.0
expanded_reserve_G,extra_high,131000,174,1.0,137438,COLLISION,none,,,,47,-0.0025911802055113564,,0.7872340425531915
expanded_reserve_G,extra_high,131000,175,1.0,137475,COLLISION,none,,,,56,-0.0022554495306624234,,0.8214285714285714
expanded_reserve_G,extra_high,131000,176,1.0,137512,COLLISION,none,,,,69,-0.00027555076625529473,,0.855072463768116
expanded_reserve_G,extra_high,131000,177,1.0,137549,SUCCESS,right,153.66195548857462,14,7,108,0.13177765265657077,10.8,1.0
expanded_reserve_G,extra_high,131000,178,1.0,137586,COLLISION,none,,,,52,-0.005175602120957745,,0.8076923076923077
expanded_reserve_G,extra_high,131000,179,1.0,137623,SUCCESS,left,-11.668410174224995,7,3,104,0.234150039263881,10.4,1.0
expanded_reserve_G,extra_high,131000,180,1.0,137660,SUCCESS,right,163.71157290944922,15,7,111,0.0347833669301712,11.100000000000001,1.0
expanded_reserve_G,extra_high,131000,181,1.0,137697,SUCCESS,left,22.909349226440177,9,4,128,0.06051010508483812,12.8,1.0
expanded_reserve_G,extra_high,131000,182,1.0,137734,TIMEOUT,right,-178.07331039184575,0,0,250,0.20093924093653803,,1.0
expanded_reserve_G,extra_high,131000,183,1.0,137771,COLLISION,none,,,,59,-0.0031612933341426674,,0.8305084745762712
expanded_reserve_G,extra_high,131000,184,1.0,137808,SUCCESS,right,163.9575597344844,15,7,116,0.09428865003068865,11.600000000000001,1.0
expanded_reserve_G,extra_high,131000,185,1.0,137845,COLLISION,none,,,,50,-0.012666780341724915,,0.8
expanded_reserve_G,extra_high,131000,186,1.0,137882,SUCCESS,left,10.916552183395304,8,4,98,0.04491471570097144,9.8,1.0
expanded_reserve_G,extra_high,131000,187,1.0,137919,SUCCESS,left,12.816930463762427,8,4,99,0.06136135923189068,9.9,1.0
expanded_reserve_G,extra_high,131000,188,1.0,137956,COLLISION,none,,,,57,-0.002865905030217164,,0.8245614035087719
expanded_reserve_G,extra_high,131000,189,1.0,137993,SUCCESS,left,37.60464114485781,9,4,142,0.0992245022709885,14.200000000000001,1.0
expanded_reserve_G,extra_high,131000,190,1.0,138030,SUCCESS,above,73.82964911368157,11,5,131,0.0395860561159615,13.100000000000001,1.0
expanded_reserve_G,extra_high,131000,191,1.0,138067,SUCCESS,left,3.8580195600617953,8,4,115,0.022966434482713738,11.5,1.0
expanded_reserve_G,extra_high,131000,192,1.0,138104,COLLISION,none,,,,50,-0.003543746732960429,,0.8
expanded_reserve_G,extra_high,131000,193,1.0,138141,COLLISION,none,,,,52,-0.00277881830842569,,0.8076923076923077
expanded_reserve_G,extra_high,131000,194,1.0,138178,SUCCESS,left,-8.23688479504578,7,3,106,0.07183129415275002,10.600000000000001,1.0
expanded_reserve_G,extra_high,131000,195,1.0,138215,SUCCESS,right,154.65115976062003,14,7,110,0.10565045439351778,11.0,1.0
expanded_reserve_G,extra_high,131000,196,1.0,138252,SUCCESS,left,6.81394999343271,8,4,94,0.1359382409187932,9.4,1.0
expanded_reserve_G,extra_high,131000,197,1.0,138289,SUCCESS,above,97.31558447939514,12,6,130,0.0009435599062153077,13.0,0.9153846153846154
expanded_reserve_G,extra_high,131000,198,1.0,138326,SUCCESS,right,146.0764398690194,14,7,134,0.08162095966748767,13.4,1.0
expanded_reserve_G,extra_high,131000,199,1.0,138363,SUCCESS,above,106.14291710512848,12,6,104,0.1418358901680115,10.4,1.0
expanded_reserve_G,extra_high,131000,200,1.0,138400,SUCCESS,left,6.81939505267017,8,4,122,0.08711460970510054,12.200000000000001,1.0
expanded_reserve_G,extra_high,131000,201,1.0,138437,SUCCESS,below,-46.06016627103667,5,2,96,0.025039115441388538,9.600000000000001,1.0
expanded_reserve_G,extra_high,131000,202,1.0,138474,TIMEOUT,left,-14.699284703819616,7,3,250,0.16730775043757884,,1.0
expanded_reserve_G,extra_high,131000,203,1.0,138511,SUCCESS,left,2.588981818991643,8,4,98,0.15491859204288805,9.8,1.0
expanded_reserve_G,extra_high,131000,204,1.0,138548,SUCCESS,right,157.51654659892773,15,7,93,0.13742301142111601,9.3,1.0
expanded_reserve_G,extra_high,131000,205,1.0,138585,COLLISION,none,,,,51,-0.005234239873700475,,0.803921568627451
expanded_reserve_G,extra_high,131000,206,1.0,138622,SUCCESS,above,45.64283614423329,10,5,133,0.02454478840744667,13.3,1.0
expanded_reserve_G,extra_high,131000,207,1.0,138659,COLLISION,none,,,,56,-0.0030565146149715283,,0.8214285714285714
expanded_reserve_G,extra_high,131000,208,1.0,138696,COLLISION,none,,,,62,-0.00022259303370858463,,0.8387096774193549
expanded_reserve_G,extra_high,131000,209,1.0,138733,COLLISION,none,,,,60,-0.002754180541100937,,0.8333333333333334
expanded_reserve_G,extra_high,131000,210,1.0,138770,SUCCESS,left,40.67141019582403,9,4,141,0.02309194598578318,14.100000000000001,1.0
expanded_reserve_G,extra_high,131000,211,1.0,138807,COLLISION,none,,,,50,-0.0030732403953624976,,0.8
expanded_reserve_G,extra_high,131000,212,1.0,138844,SUCCESS,left,34.81627113273925,9,4,112,0.27504542077273186,11.200000000000001,1.0
expanded_reserve_G,extra_high,131000,213,1.0,138881,SUCCESS,left,-10.324259253689743,7,3,105,0.07749849218323146,10.5,1.0
expanded_reserve_G,extra_high,131000,214,1.0,138918,COLLISION,none,,,,46,-0.013372961277380524,,0.782608695652174
expanded_reserve_G,extra_high,131000,215,1.0,138955,COLLISION,none,,,,52,-0.011216349966759243,,0.8076923076923077
expanded_reserve_G,extra_high,131000,216,1.0,138992,SUCCESS,below,-111.12023737336293,3,1,139,0.0021105044826987274,13.9,1.0
expanded_reserve_G,extra_high,131000,217,1.0,139029,OOB,none,,,,39,0.38987646970185097,,0.7435897435897436
expanded_reserve_G,extra_high,131000,218,1.0,139066,COLLISION,none,,,,54,-0.0037413740498365433,,0.8148148148148148
expanded_reserve_G,extra_high,131000,219,1.0,139103,COLLISION,none,,,,49,-0.00280064871592578,,0.7959183673469388
expanded_reserve_G,extra_high,131000,220,1.0,139140,SUCCESS,right,159.19318992413835,15,7,98,0.1474437692613102,9.8,1.0
expanded_reserve_G,extra_high,131000,221,1.0,139177,COLLISION,none,,,,47,-0.005385306871223738,,0.7872340425531915
expanded_reserve_G,extra_high,131000,222,1.0,139214,SUCCESS,above,116.28676143939748,13,6,130,0.06954477610357557,13.0,1.0
expanded_reserve_G,extra_high,131000,223,1.0,139251,OOB,none,,,,39,0.40579006094391123,,0.7435897435897436
expanded_reserve_G,extra_high,131000,224,1.0,139288,SUCCESS,right,172.87421490746863,15,7,103,0.12361382365539142,10.3,1.0
expanded_reserve_G,extra_high,131000,225,1.0,139325,SUCCESS,left,24.21069077216892,9,4,162,0.03868017340794544,16.2,1.0
expanded_reserve_G,extra_high,131000,226,1.0,139362,COLLISION,none,,,,70,-0.008334962886677844,,0.8571428571428571
expanded_reserve_G,extra_high,131000,227,1.0,139399,COLLISION,none,,,,55,-0.004894475284121624,,0.8181818181818182
expanded_reserve_G,extra_high,131000,228,1.0,139436,COLLISION,none,,,,45,-0.001330818513078591,,0.7777777777777778
expanded_reserve_G,extra_high,131000,229,1.0,139473,COLLISION,none,,,,55,-0.017723814118590864,,0.8181818181818182
expanded_reserve_G,extra_high,131000,230,1.0,139510,COLLISION,none,,,,47,-0.001421909848495495,,0.7872340425531915
expanded_reserve_G,extra_high,131000,231,1.0,139547,COLLISION,none,,,,51,-0.0026177434818788203,,0.803921568627451
expanded_reserve_G,extra_high,131000,232,1.0,139584,COLLISION,none,,,,47,-0.005987921856481726,,0.7872340425531915
expanded_reserve_G,extra_high,131000,233,1.0,139621,COLLISION,none,,,,48,-0.013083621769433285,,0.7916666666666666
expanded_reserve_G,extra_high,131000,234,1.0,139658,COLLISION,none,,,,57,-0.001792696772963287,,0.8245614035087719
expanded_reserve_G,extra_high,131000,235,1.0,139695,COLLISION,none,,,,48,-0.00692675994293851,,0.7916666666666666
expanded_reserve_G,extra_high,131000,236,1.0,139732,SUCCESS,above,81.32894319314377,11,5,141,0.103126354580374,14.100000000000001,1.0
expanded_reserve_G,extra_high,131000,237,1.0,139769,SUCCESS,above,88.51910611637963,11,5,95,0.23708355184129315,9.5,1.0
expanded_reserve_G,extra_high,131000,238,1.0,139806,SUCCESS,left,-4.717571634906129,7,3,106,0.1335077271059657,10.600000000000001,1.0
expanded_reserve_G,extra_high,131000,239,1.0,139843,COLLISION,none,,,,43,-0.014182840471235303,,0.7674418604651163
expanded_reserve_G,extra_high,131000,240,1.0,139880,SUCCESS,left,31.866079962221775,9,4,115,0.06104240264449817,11.5,1.0
expanded_reserve_G,extra_high,131000,241,1.0,139917,COLLISION,none,,,,67,-0.0040827008050581814,,0.8507462686567164
expanded_reserve_G,extra_high,131000,242,1.0,139954,SUCCESS,above,52.79039100376798,10,5,114,0.13717860243054508,11.4,1.0
expanded_reserve_G,extra_high,131000,243,1.0,139991,COLLISION,none,,,,55,-0.0004384241556649737,,0.8181818181818182
expanded_reserve_G,extra_high,131000,244,1.0,140028,SUCCESS,left,28.60810957043459,9,4,117,0.15719761934424403,11.700000000000001,1.0
expanded_reserve_G,extra_high,131000,245,1.0,140065,SUCCESS,left,-10.770650683277285,7,3,110,0.02822032547386988,11.0,1.0
expanded_reserve_G,extra_high,131000,246,1.0,140102,SUCCESS,right,153.0853971121963,14,7,95,0.1488614973477278,9.5,1.0
expanded_reserve_G,extra_high,131000,247,1.0,140139,TIMEOUT,above,104.19420271874397,12,6,250,0.07060277882012428,,1.0
expanded_reserve_G,extra_high,131000,248,1.0,140176,TIMEOUT,left,1.0361146555568868,8,4,250,0.09600964791472938,,1.0
expanded_reserve_G,extra_high,131000,249,1.0,140213,SUCCESS,left,5.613374869524192,8,4,100,0.02401362249931649,10.0,1.0
expanded_reserve_G,extra_high,131000,250,1.0,140250,SUCCESS,right,169.0981001451572,15,7,119,0.0073534336744912054,11.9,1.0
expanded_reserve_G,extra_high,131000,251,1.0,140287,SUCCESS,above,68.96912408183711,11,5,137,0.1237044974823539,13.700000000000001,1.0
expanded_reserve_G,extra_high,131000,252,1.0,140324,SUCCESS,below,-115.1927971968212,2,1,157,0.057393384776292966,15.700000000000001,1.0
expanded_reserve_G,extra_high,131000,253,1.0,140361,TIMEOUT,left,29.231116320906594,9,4,250,0.20705215226993223,,1.0
expanded_reserve_G,extra_high,131000,254,1.0,140398,COLLISION,none,,,,46,-0.002500574396340105,,0.782608695652174
expanded_reserve_G,extra_high,131000,255,1.0,140435,SUCCESS,above,122.52231281064802,13,6,139,0.22077150618632246,13.9,1.0
expanded_reserve_G,extra_high,131000,256,1.0,140472,COLLISION,none,,,,51,-0.007714468199969737,,0.803921568627451
expanded_reserve_G,extra_high,131000,257,1.0,140509,SUCCESS,left,13.410922679044942,8,4,114,0.18187364141885687,11.4,1.0
expanded_reserve_G,extra_high,131000,258,1.0,140546,COLLISION,none,,,,56,-0.004448511113167075,,0.8214285714285714
expanded_reserve_G,extra_high,131000,259,1.0,140583,SUCCESS,above,129.9089387762729,13,6,96,0.14785582682565868,9.600000000000001,1.0
expanded_reserve_G,extra_high,131000,260,1.0,140620,SUCCESS,left,-16.61430148688069,7,3,99,0.11734179394299349,9.9,1.0
expanded_reserve_G,extra_high,131000,261,1.0,140657,COLLISION,none,,,,51,-0.0019177901797934327,,0.803921568627451
expanded_reserve_G,extra_high,131000,262,1.0,140694,COLLISION,none,,,,60,-0.0036845100802874176,,0.8333333333333334
expanded_reserve_G,extra_high,131000,263,1.0,140731,COLLISION,none,,,,47,-0.0061250832329284854,,0.7872340425531915
expanded_reserve_G,extra_high,131000,264,1.0,140768,SUCCESS,above,91.41310623470707,12,6,104,0.1014663943141238,10.4,1.0
expanded_reserve_G,extra_high,131000,265,1.0,140805,TIMEOUT,above,47.67386381233474,10,5,250,0.16203784979225133,,1.0
expanded_reserve_G,extra_high,131000,266,1.0,140842,COLLISION,none,,,,53,-0.002180169126518472,,0.8113207547169812
expanded_reserve_G,extra_high,131000,267,1.0,140879,COLLISION,none,,,,51,-0.0017530339088964175,,0.803921568627451
expanded_reserve_G,extra_high,131000,268,1.0,140916,SUCCESS,left,39.347033122599576,9,4,140,0.17743855035979317,14.0,1.0
expanded_reserve_G,extra_high,131000,269,1.0,140953,SUCCESS,right,148.46226799932083,14,7,144,0.06420866501979466,14.4,1.0
expanded_reserve_G,extra_high,131000,270,1.0,140990,SUCCESS,left,-23.847554419125984,6,3,99,0.1276937329676603,9.9,1.0
expanded_reserve_G,extra_high,131000,271,1.0,141027,SUCCESS,left,11.788824387097524,8,4,111,0.02766295856714307,11.100000000000001,1.0
expanded_reserve_G,extra_high,131000,272,1.0,141064,SUCCESS,left,-36.52039114594749,6,3,110,0.0454099963961504,11.0,1.0
expanded_reserve_G,extra_high,131000,273,1.0,141101,SUCCESS,right,-175.07193247323931,0,0,116,0.003198210406809676,11.600000000000001,0.9137931034482759
expanded_reserve_G,extra_high,131000,274,1.0,141138,SUCCESS,above,131.32110230007825,13,6,100,0.03737854276587155,10.0,1.0
expanded_reserve_G,extra_high,131000,275,1.0,141175,SUCCESS,above,120.56390067783855,13,6,96,0.11275420539817743,9.600000000000001,1.0
expanded_reserve_G,extra_high,131000,276,1.0,141212,TIMEOUT,left,-35.836816549085924,6,3,250,0.047218700180408246,,1.0
expanded_reserve_G,extra_high,131000,277,1.0,141249,COLLISION,none,,,,48,-0.007427798850228429,,0.7916666666666666
expanded_reserve_G,extra_high,131000,278,1.0,141286,SUCCESS,right,167.51318438122863,15,7,120,0.11344587476887552,12.0,1.0
expanded_reserve_G,extra_high,131000,279,1.0,141323,SUCCESS,left,-8.545744238081307,7,3,95,0.2858684826695055,9.5,1.0
expanded_reserve_G,extra_high,131000,280,1.0,141360,COLLISION,none,,,,48,-0.012797844604024666,,0.7916666666666666
expanded_reserve_G,extra_high,131000,281,1.0,141397,COLLISION,none,,,,54,-0.004896343198438291,,0.8148148148148148
expanded_reserve_G,extra_high,131000,282,1.0,141434,COLLISION,none,,,,56,-0.002753987723559781,,0.8214285714285714
expanded_reserve_G,extra_high,131000,283,1.0,141471,COLLISION,none,,,,47,-0.013292727464557563,,0.7872340425531915
expanded_reserve_G,extra_high,131000,284,1.0,141508,SUCCESS,left,-9.665553382085724,7,3,101,0.12766551044566998,10.100000000000001,1.0
expanded_reserve_G,extra_high,131000,285,1.0,141545,COLLISION,none,,,,68,-0.002433240057916175,,0.8529411764705882
expanded_reserve_G,extra_high,131000,286,1.0,141582,OOB,none,,,,42,0.35189251082827966,,0.7619047619047619
expanded_reserve_G,extra_high,131000,287,1.0,141619,COLLISION,none,,,,69,-0.005078985810768988,,0.855072463768116
expanded_reserve_G,extra_high,131000,288,1.0,141656,TIMEOUT,above,94.77147404937507,12,6,250,0.21946641333879569,,1.0
expanded_reserve_G,extra_high,131000,289,1.0,141693,COLLISION,none,,,,50,-0.00021689601282531834,,0.8
expanded_reserve_G,extra_high,131000,290,1.0,141730,SUCCESS,left,29.92972243345954,9,4,131,0.05461934550802544,13.100000000000001,1.0
expanded_reserve_G,extra_high,131000,291,1.0,141767,COLLISION,none,,,,67,-0.0036919894344005777,,0.8507462686567164
expanded_reserve_G,extra_high,131000,292,1.0,141804,COLLISION,none,,,,56,-0.012826254700023187,,0.8214285714285714
expanded_reserve_G,extra_high,131000,293,1.0,141841,SUCCESS,left,-9.527648871512115,7,3,105,0.04297541473852656,10.5,1.0
expanded_reserve_G,extra_high,131000,294,1.0,141878,SUCCESS,right,-178.55360807570358,0,0,108,0.13533285537136763,10.8,1.0
expanded_reserve_G,extra_high,131000,295,1.0,141915,SUCCESS,left,0.41732704507423884,8,4,110,0.049986335493741985,11.0,1.0
expanded_reserve_G,extra_high,131000,296,1.0,141952,COLLISION,none,,,,52,-0.004694859182317657,,0.8076923076923077
expanded_reserve_G,extra_high,131000,297,1.0,141989,SUCCESS,left,16.596381930222247,8,4,105,0.04732290560496011,10.5,1.0
expanded_reserve_G,extra_high,131000,298,1.0,142026,SUCCESS,below,-117.7857428065725,2,1,115,0.0012372325040928556,11.5,0.8695652173913043
expanded_reserve_G,extra_high,131000,299,1.0,142063,SUCCESS,right,152.23026811270032,14,7,103,0.04437678628541436,10.3,1.0
expanded_reserve_G,extra_high,131000,300,1.0,142100,COLLISION,none,,,,49,-0.006813863611272064,,0.7959183673469388
expanded_reserve_G,extra_high,131000,301,1.0,142137,SUCCESS,right,142.74904503995535,14,7,120,0.18163237305866298,12.0,1.0
expanded_reserve_G,extra_high,131000,302,1.0,142174,SUCCESS,above,127.04955984207986,13,6,208,0.10224260974918425,20.8,1.0
expanded_reserve_G,extra_high,131000,303,1.0,142211,SUCCESS,left,16.223133964677356,8,4,145,0.05627297875837356,14.5,1.0
expanded_reserve_G,extra_high,131000,304,1.0,142248,SUCCESS,above,66.24913406499289,10,5,129,0.03911302439416142,12.9,1.0
expanded_reserve_G,extra_high,131000,305,1.0,142285,SUCCESS,left,6.430045332492582,8,4,96,0.15289240049249375,9.600000000000001,1.0
expanded_reserve_G,extra_high,131000,306,1.0,142322,SUCCESS,left,-38.57404105831423,6,3,105,0.07436482366854719,10.5,1.0
expanded_reserve_G,extra_high,131000,307,1.0,142359,SUCCESS,left,-15.796015126570895,7,3,104,0.091321474298722,10.4,1.0
expanded_reserve_G,extra_high,131000,308,1.0,142396,SUCCESS,above,100.91036265394429,12,6,96,0.1340702428826176,9.600000000000001,1.0
expanded_reserve_G,extra_high,131000,309,1.0,142433,SUCCESS,right,-144.26336537894593,1,0,103,0.022096207599737516,10.3,1.0
expanded_reserve_G,extra_high,131000,310,1.0,142470,COLLISION,none,,,,56,-0.005149786448813587,,0.8214285714285714
expanded_reserve_G,extra_high,131000,311,1.0,142507,SUCCESS,above,48.48279657736468,10,5,131,0.1348355333617906,13.100000000000001,1.0
expanded_reserve_G,extra_high,131000,312,1.0,142544,SUCCESS,right,163.36246598701499,15,7,119,0.10937784205033585,11.9,1.0
expanded_reserve_G,extra_high,131000,313,1.0,142581,TIMEOUT,left,-17.836681092794507,7,3,250,0.018291232871986085,,1.0
expanded_reserve_G,extra_high,131000,314,1.0,142618,COLLISION,none,,,,50,-0.003596054930650683,,0.8
expanded_reserve_G,extra_high,131000,315,1.0,142655,SUCCESS,left,2.083968197551465,8,4,127,0.19102397677076766,12.700000000000001,1.0
expanded_reserve_G,extra_high,131000,316,1.0,142692,SUCCESS,right,144.40307789453544,14,7,98,0.025502288430926445,9.8,1.0
expanded_reserve_G,extra_high,131000,317,1.0,142729,TIMEOUT,left,-17.064300706946412,7,3,250,0.08979303977095404,,1.0
expanded_reserve_G,extra_high,131000,318,1.0,142766,COLLISION,none,,,,68,-0.0021926651741290826,,0.8529411764705882
expanded_reserve_G,extra_high,131000,319,1.0,142803,COLLISION,none,,,,54,-0.0004545361830646244,,0.8148148148148148
expanded_reserve_G,extra_high,131000,320,1.0,142840,COLLISION,none,,,,50,-0.004881111349613276,,0.8
expanded_reserve_G,extra_high,131000,321,1.0,142877,COLLISION,none,,,,50,-0.0017256694547622686,,0.8
expanded_reserve_G,extra_high,131000,322,1.0,142914,SUCCESS,left,26.66711754103967,9,4,120,0.05226799683830102,12.0,1.0
expanded_reserve_G,extra_high,131000,323,1.0,142951,SUCCESS,left,-13.533800969261277,7,3,96,0.1920550354073538,9.600000000000001,1.0
expanded_reserve_G,extra_high,131000,324,1.0,142988,COLLISION,none,,,,57,-0.0038252515190309033,,0.8245614035087719
expanded_reserve_G,extra_high,131000,325,1.0,143025,COLLISION,none,,,,54,-0.010930758987615197,,0.8148148148148148
expanded_reserve_G,extra_high,131000,326,1.0,143062,COLLISION,none,,,,62,-0.008285240728545196,,0.8387096774193549
expanded_reserve_G,extra_high,131000,327,1.0,143099,COLLISION,none,,,,45,-0.013296948685310728,,0.7777777777777778
expanded_reserve_G,extra_high,131000,328,1.0,143136,TIMEOUT,above,50.0638447291657,10,5,250,0.11315781650937101,,1.0
expanded_reserve_G,extra_high,131000,329,1.0,143173,COLLISION,none,,,,50,-0.0018051475489752056,,0.8
expanded_reserve_G,extra_high,131000,330,1.0,143210,SUCCESS,above,74.59035695530287,11,5,101,0.06710992332987076,10.100000000000001,1.0
expanded_reserve_G,extra_high,131000,331,1.0,143247,SUCCESS,left,31.969659077494363,9,4,106,0.09883697024705762,10.600000000000001,1.0
expanded_reserve_G,extra_high,131000,332,1.0,143284,SUCCESS,left,3.9650559112359605,8,4,104,0.0896988821201613,10.4,1.0
expanded_reserve_G,extra_high,131000,333,1.0,143321,COLLISION,none,,,,47,-0.011643089922651728,,0.7872340425531915
expanded_reserve_G,extra_high,131000,334,1.0,143358,SUCCESS,left,10.065815796056006,8,4,106,0.16131053499900128,10.600000000000001,1.0
expanded_reserve_G,extra_high,131000,335,1.0,143395,TIMEOUT,left,-37.94107200154235,6,3,250,0.2972061187512739,,1.0
expanded_reserve_G,extra_high,131000,336,1.0,143432,COLLISION,none,,,,63,-0.007057782902577581,,0.8412698412698413
expanded_reserve_G,extra_high,131000,337,1.0,143469,COLLISION,none,,,,60,-0.0033044845207917395,,0.8333333333333334
expanded_reserve_G,extra_high,131000,338,1.0,143506,SUCCESS,left,-38.27698588376901,6,3,138,0.00037261882545275293,13.8,0.927536231884058
expanded_reserve_G,extra_high,131000,339,1.0,143543,COLLISION,none,,,,55,-0.0008188430919359169,,0.8181818181818182
expanded_reserve_G,extra_high,131000,340,1.0,143580,SUCCESS,left,-1.8750245810858213,7,3,128,0.19451712529003828,12.8,1.0
expanded_reserve_G,extra_high,131000,341,1.0,143617,SUCCESS,left,-22.94679330329519,6,3,138,0.12076476325082469,13.8,1.0
expanded_reserve_G,extra_high,131000,342,1.0,143654,TIMEOUT,above,106.27810312455692,12,6,250,0.07873511434814695,,1.0
expanded_reserve_G,extra_high,131000,343,1.0,143691,COLLISION,none,,,,47,-0.0023403895389020324,,0.7872340425531915
expanded_reserve_G,extra_high,131000,344,1.0,143728,COLLISION,none,,,,49,-0.0003147777994045864,,0.7959183673469388
expanded_reserve_G,extra_high,131000,345,1.0,143765,SUCCESS,left,38.37854452225831,9,4,129,0.14509417721472645,12.9,1.0
expanded_reserve_G,extra_high,131000,346,1.0,143802,SUCCESS,right,165.61811767888483,15,7,114,0.23283879715697298,11.4,1.0
expanded_reserve_G,extra_high,131000,347,1.0,143839,COLLISION,none,,,,53,-0.003127614270261314,,0.8113207547169812
expanded_reserve_G,extra_high,131000,348,1.0,143876,TIMEOUT,above,45.863844399783176,10,5,250,0.10102282553565206,,1.0
expanded_reserve_G,extra_high,131000,349,1.0,143913,SUCCESS,left,15.860724214299731,8,4,93,0.026436711496842402,9.3,1.0
expanded_reserve_G,extra_high,131000,350,1.0,143950,SUCCESS,left,15.25991418263373,8,4,105,0.0761600081731163,10.5,1.0
expanded_reserve_G,extra_high,131000,351,1.0,143987,SUCCESS,left,-4.376171779335844,7,3,101,0.025837982130873793,10.100000000000001,1.0
expanded_reserve_G,extra_high,131000,352,1.0,144024,COLLISION,none,,,,54,-0.0011475420529985514,,0.8148148148148148
expanded_reserve_G,extra_high,131000,353,1.0,144061,SUCCESS,above,83.93254891475944,11,5,95,0.16455148078945314,9.5,1.0
expanded_reserve_G,extra_high,131000,354,1.0,144098,SUCCESS,left,1.183621787481145,8,4,107,0.09482416848887298,10.700000000000001,1.0
expanded_reserve_G,extra_high,131000,355,1.0,144135,SUCCESS,left,10.46250084106704,8,4,94,0.09986353361344036,9.4,1.0
expanded_reserve_G,extra_high,131000,356,1.0,144172,COLLISION,none,,,,44,-0.0035126921490936103,,0.7727272727272727
expanded_reserve_G,extra_high,131000,357,1.0,144209,SUCCESS,left,-8.12717673937521,7,3,116,0.059895993029227435,11.600000000000001,1.0
expanded_reserve_G,extra_high,131000,358,1.0,144246,SUCCESS,below,-60.284193618632216,5,2,148,0.014842699932902104,14.8,1.0
expanded_reserve_G,extra_high,131000,359,1.0,144283,SUCCESS,above,100.88935849845903,12,6,92,0.2637474327835535,9.200000000000001,1.0
expanded_reserve_G,extra_high,131000,360,1.0,144320,COLLISION,none,,,,45,-0.002203152094714833,,0.7777777777777778
expanded_reserve_G,extra_high,131000,361,1.0,144357,COLLISION,none,,,,50,-0.002694957974637535,,0.8
expanded_reserve_G,extra_high,131000,362,1.0,144394,SUCCESS,left,18.641033159285925,8,4,121,0.08853251314510724,12.100000000000001,1.0
expanded_reserve_G,extra_high,131000,363,1.0,144431,SUCCESS,right,-136.25366052902547,1,0,140,0.02789465840834715,14.0,1.0
expanded_reserve_G,extra_high,131000,364,1.0,144468,SUCCESS,left,-13.91320791285701,7,3,108,0.1772646642186606,10.8,1.0
expanded_reserve_G,extra_high,131000,365,1.0,144505,TIMEOUT,below,-75.17842309749078,4,2,250,0.07996751073727648,,1.0
expanded_reserve_G,extra_high,131000,366,1.0,144542,SUCCESS,above,122.11572086810448,13,6,142,0.132859523948352,14.200000000000001,1.0
expanded_reserve_G,extra_high,131000,367,1.0,144579,SUCCESS,right,-156.9930634217316,1,0,179,0.020831338438621116,17.900000000000002,1.0
expanded_reserve_G,extra_high,131000,368,1.0,144616,SUCCESS,above,83.43509174732321,11,5,167,0.07447739015108928,16.7,1.0
expanded_reserve_G,extra_high,131000,369,1.0,144653,SUCCESS,left,-13.2025439565926,7,3,106,0.23970250792176873,10.600000000000001,1.0
expanded_reserve_G,extra_high,131000,370,1.0,144690,COLLISION,none,,,,59,-0.012597491616825607,,0.8305084745762712
expanded_reserve_G,extra_high,131000,371,1.0,144727,SUCCESS,left,-31.26347518149571,6,3,106,0.05453025295013564,10.600000000000001,1.0
expanded_reserve_G,extra_high,131000,372,1.0,144764,COLLISION,none,,,,60,-0.008754409074442637,,0.8333333333333334
expanded_reserve_G,extra_high,131000,373,1.0,144801,COLLISION,none,,,,47,-0.006019155169547374,,0.7872340425531915
expanded_reserve_G,extra_high,131000,374,1.0,144838,SUCCESS,above,91.43752006680032,12,6,113,0.032364891693023645,11.3,1.0
expanded_reserve_G,extra_high,131000,375,1.0,144875,SUCCESS,left,6.6385322050508995,8,4,112,0.10045542523545509,11.200000000000001,1.0
expanded_reserve_G,extra_high,131000,376,1.0,144912,SUCCESS,left,28.864506819335503,9,4,110,0.10927199170882324,11.0,1.0
expanded_reserve_G,extra_high,131000,377,1.0,144949,COLLISION,none,,,,51,-0.004170600438762828,,0.803921568627451
expanded_reserve_G,extra_high,131000,378,1.0,144986,SUCCESS,right,150.5217655761794,14,7,97,0.1958496913129686,9.700000000000001,1.0
expanded_reserve_G,extra_high,131000,379,1.0,145023,OOB,none,,,,54,0.13940730810066165,,0.8148148148148148
expanded_reserve_G,extra_high,131000,380,1.0,145060,SUCCESS,left,-33.49102654054402,6,3,100,0.007960891337709664,10.0,1.0
expanded_reserve_G,extra_high,131000,381,1.0,145097,COLLISION,none,,,,47,-0.0037319084385240564,,0.7872340425531915
expanded_reserve_G,extra_high,131000,382,1.0,145134,SUCCESS,left,-8.225112981662324,7,3,113,0.0361560142970751,11.3,1.0
expanded_reserve_G,extra_high,131000,383,1.0,145171,SUCCESS,right,157.2464301762184,14,7,114,0.22453911413851835,11.4,1.0
expanded_reserve_G,extra_high,131000,384,1.0,145208,SUCCESS,left,39.03245098610032,9,4,110,0.2210197716900525,11.0,1.0
expanded_reserve_G,extra_high,131000,385,1.0,145245,COLLISION,none,,,,55,-0.0005860812885472022,,0.8181818181818182
expanded_reserve_G,extra_high,131000,386,1.0,145282,COLLISION,none,,,,55,-0.003973328123068831,,0.8181818181818182
expanded_reserve_G,extra_high,131000,387,1.0,145319,TIMEOUT,left,18.79539387114478,8,4,250,0.0758146804388653,,1.0
expanded_reserve_G,extra_high,131000,388,1.0,145356,SUCCESS,left,-34.085927600714626,6,3,106,0.08924689021502547,10.600000000000001,1.0
expanded_reserve_G,extra_high,131000,389,1.0,145393,TIMEOUT,above,131.92933202025384,13,6,250,0.13126999854651894,,1.0
expanded_reserve_G,extra_high,131000,390,1.0,145430,OOB,none,,,,39,0.4147450557066771,,0.7435897435897436
expanded_reserve_G,extra_high,131000,391,1.0,145467,COLLISION,none,,,,59,-0.0007494111998933572,,0.8305084745762712
expanded_reserve_G,extra_high,131000,392,1.0,145504,SUCCESS,right,146.93997765720633,14,7,101,0.04555961718760371,10.100000000000001,1.0
expanded_reserve_G,extra_high,131000,393,1.0,145541,SUCCESS,above,45.32495925636765,10,5,121,0.15592083589498396,12.100000000000001,1.0
expanded_reserve_G,extra_high,131000,394,1.0,145578,SUCCESS,above,106.05657708604956,12,6,101,0.019734703974395862,10.100000000000001,1.0
expanded_reserve_G,extra_high,131000,395,1.0,145615,SUCCESS,above,100.74692515360405,12,6,91,0.17712890096654432,9.1,1.0
expanded_reserve_G,extra_high,131000,396,1.0,145652,SUCCESS,above,52.81358489931724,10,5,127,0.05427604451474033,12.700000000000001,1.0
expanded_reserve_G,extra_high,131000,397,1.0,145689,SUCCESS,above,133.1318015028359,13,6,147,0.05766424354926286,14.700000000000001,1.0
expanded_reserve_G,extra_high,131000,398,1.0,145726,SUCCESS,left,-0.4001300341087495,7,3,114,0.08479410109503965,11.4,1.0
expanded_reserve_G,extra_high,131000,399,1.0,145763,SUCCESS,below,-45.18891147856187,5,2,234,0.19679963661797395,23.400000000000002,1.0
